id,line_class,design_code,temp_range_deg_c,material,dia_in,thickness_range_mm,wps_number,pwht,comments,line_class_normalized,thickness_min_mm,thickness_max_mm,content
0,150A20,ASME B31.3,-40 / 200,Alloy 20,1/2 - 4,2.77 - 3.91,45AW,N,,150A20,2.77,3.91,Pipe line class 150A20. Design code ASME B31.3. Design temperature range -40 / 200 deg C. Material Alloy 20. Diameter 1/2 - 4 in. Thickness range 2.77 - 3.91 mm. WPS number 45AW. PWHT N.
1,150A80,ASME B31.3,-40 / 230,Incoloy 825 (NACE),3/4 - 12,3.91 - 7.11,51AW,N,,150A80,3.91,7.11,Pipe line class 150A80. Design code ASME B31.3. Design temperature range -40 / 230 deg C. Material Incoloy 825 (NACE). Diameter 3/4 - 12 in. Thickness range 3.91 - 7.11 mm. WPS number 51AW. PWHT N.
2,150C80,ASME B31.3,-40 / 200,Incoloy 825,1/2-3 Solid,3.68 - 5.49,51AW,N,,150C80,3.68,5.49,Pipe line class 150C80. Design code ASME B31.3. Design temperature range -40 / 200 deg C. Material Incoloy 825. Diameter 1/2-3 Solid in. Thickness range 3.68 - 5.49 mm. WPS number 51AW. PWHT N.
3,150C80,ASME B31.3,-40 / 200,LTCS + 3 mm 625 internal cladding,4 - 16,9.27 - 11.13,81AW,N see Note (7),,150C80,9.27,11.13,Pipe line class 150C80. Design code ASME B31.3. Design temperature range -40 / 200 deg C. Material LTCS + 3 mm 625 internal cladding. Diameter 4 - 16 in. Thickness range 9.27 - 11.13 mm. WPS number 81AW. PWHT N see Note (7).
4,150C80,ASME B31.3,-40 / 200,LTCS + 3 mm 825 internal cladding,4 - 18,6.02 - 7.92,Contact MI Engineer,N see Note (7),,150C80,6.02,7.92,Pipe line class 150C80. Design code ASME B31.3. Design temperature range -40 / 200 deg C. Material LTCS + 3 mm 825 internal cladding. Diameter 4 - 18 in. Thickness range 6.02 - 7.92 mm. WPS number Contact MI Engineer. PWHT N see Note (7).
5,150C80,ASME B31.3,-40 / 200,LTCS + 3 mm 825/625 internal cladding,18 - 48,9.53 - 12.70,Contact MI Engineer,N see Note (7),,150C80,9.53,12.7,Pipe line class 150C80. Design code ASME B31.3. Design temperature range -40 / 200 deg C. Material LTCS + 3 mm 825/625 internal cladding. Diameter 18 - 48 in. Thickness range 9.53 - 12.70 mm. WPS number Contact MI Engineer. PWHT N see Note (7).
6,150CP2,ASME B31.3,-40 / 150,LTCS PTFE Lined,1/2 - 24,,,,Flanged connections,150CP2,,,Pipe line class 150CP2. Design code ASME B31.3. Design temperature range -40 / 150 deg C. Material LTCS PTFE Lined. Diameter 1/2 - 24 in. Comments Flanged connections.
7,150H21,ASME B31.3,-40 / 343,LTCS NACE,1/2 - 3,3.73 - 7.82,"20AW, for SW see Note (2)",N,"SW only for legacy lines < 2""",150H21,3.73,7.82,"Pipe line class 150H21. Design code ASME B31.3. Design temperature range -40 / 343 deg C. Material LTCS NACE. Diameter 1/2 - 3 in. Thickness range 3.73 - 7.82 mm. WPS number 20AW, for SW see Note (2). PWHT N. Comments SW only for legacy lines < 2""."
8,150H21,ASME B31.3,-40 / 343,LTCS NACE,14 - 48,7.92 - 12.70,21AW,N,,150H21,7.92,12.7,Pipe line class 150H21. Design code ASME B31.3. Design temperature range -40 / 343 deg C. Material LTCS NACE. Diameter 14 - 48 in. Thickness range 7.92 - 12.70 mm. WPS number 21AW. PWHT N.
9,150H21,ASME B31.3,-40 / 343,LTCS NACE,24,19.05,21PW,Y,,150H21,19.05,19.05,Pipe line class 150H21. Design code ASME B31.3. Design temperature range -40 / 343 deg C. Material LTCS NACE. Diameter 24 in. Thickness range 19.05 mm. WPS number 21PW. PWHT Y.
10,150H23,ASME B31.3,-40 / 215,LTCS NACE,1/2 - 3,7.47 - 11.07,20AW,N,,150H23,7.47,11.07,Pipe line class 150H23. Design code ASME B31.3. Design temperature range -40 / 215 deg C. Material LTCS NACE. Diameter 1/2 - 3 in. Thickness range 7.47 - 11.07 mm. WPS number 20AW. PWHT N.
11,150H23,ASME B31.3,-40 / 215,LTCS NACE,> 3,8.56 - 12.70,21AW,N,,150H23,8.56,12.7,Pipe line class 150H23. Design code ASME B31.3. Design temperature range -40 / 215 deg C. Material LTCS NACE. Diameter > 3 in. Thickness range 8.56 - 12.70 mm. WPS number 21AW. PWHT N.
12,150H25 (A),ASME B31.3,-40 / 343,LTCS NACE,1/2 - 3,3.91 - 7.82,20PW,Y,"For service codes CC, CCS, DCS. SW only for legacy lines < 2""",150H25A,3.91,7.82,"Pipe line class 150H25 (A). Design code ASME B31.3. Design temperature range -40 / 343 deg C. Material LTCS NACE. Diameter 1/2 - 3 in. Thickness range 3.91 - 7.82 mm. WPS number 20PW. PWHT Y. Comments For service codes CC, CCS, DCS. SW only for legacy lines < 2""."
13,150H25 (A),ASME B31.3,-40 / 343,LTCS NACE,> 3,7.92 - 12.70,21PW,Y,"For service codes CC, CCS, DCS. SW only for legacy lines < 2""",150H25A,7.92,12.7,"Pipe line class 150H25 (A). Design code ASME B31.3. Design temperature range -40 / 343 deg C. Material LTCS NACE. Diameter > 3 in. Thickness range 7.92 - 12.70 mm. WPS number 21PW. PWHT Y. Comments For service codes CC, CCS, DCS. SW only for legacy lines < 2""."
14,150H25 (B),ASME B31.3,-40 / 343,LTCS NACE,1/2 - 3,3.91 - 7.82,"20AW, for SW see Note (2)",N,"For service codes CC, CCS, DCS use 150H25 (A). SW only for legacy lines < 2""",150H25B,3.91,7.82,"Pipe line class 150H25 (B). Design code ASME B31.3. Design temperature range -40 / 343 deg C. Material LTCS NACE. Diameter 1/2 - 3 in. Thickness range 3.91 - 7.82 mm. WPS number 20AW, for SW see Note (2). PWHT N. Comments For service codes CC, CCS, DCS use 150H25 (A). SW only for legacy lines < 2""."
15,150H25 (B),ASME B31.3,-40 / 343,LTCS NACE,> 3,7.92 - 12.70,21AW,N,"For service codes CC, CCS, DCS use 150H25 (A). SW only for legacy lines < 2""",150H25B,7.92,12.7,"Pipe line class 150H25 (B). Design code ASME B31.3. Design temperature range -40 / 343 deg C. Material LTCS NACE. Diameter > 3 in. Thickness range 7.92 - 12.70 mm. WPS number 21AW. PWHT N. Comments For service codes CC, CCS, DCS use 150H25 (A). SW only for legacy lines < 2""."
16,150H26,ASME B31.3,-40 / 343,LTCS NACE,1/2 - 3,3.91 - 5.54,20AW,N,,150H26,3.91,5.54,Pipe line class 150H26. Design code ASME B31.3. Design temperature range -40 / 343 deg C. Material LTCS NACE. Diameter 1/2 - 3 in. Thickness range 3.91 - 5.54 mm. WPS number 20AW. PWHT N.
17,150H26,ASME B31.3,-40 / 343,LTCS NACE,> 3,6.02 - 10.00,21AW,N,,150H26,6.02,10,Pipe line class 150H26. Design code ASME B31.3. Design temperature range -40 / 343 deg C. Material LTCS NACE. Diameter > 3 in. Thickness range 6.02 - 10.00 mm. WPS number 21AW. PWHT N.
18,150H2G,ASME B31.3,-40 / 150,LTCS Galv/Scrd,< 3,5.54 - 7.14,,,Threaded connections,150H2G,5.54,7.14,Pipe line class 150H2G. Design code ASME B31.3. Design temperature range -40 / 150 deg C. Material LTCS Galv/Scrd. Diameter < 3 in. Thickness range 5.54 - 7.14 mm. Comments Threaded connections.
19,150H2G,ASME B31.3,-40 / 150,LTCS Galv,≥ 3,7.62 - 9.53,"21AW, Note (3)",N,Welded,150H2G,7.62,9.53,"Pipe line class 150H2G. Design code ASME B31.3. Design temperature range -40 / 150 deg C. Material LTCS Galv. Diameter ≥ 3 in. Thickness range 7.62 - 9.53 mm. WPS number 21AW, Note (3). PWHT N. Comments Welded."
20,150H5E,ASME B31.8,-40 / 75,LTCS,1/2 - 3,3.73 - 5.54,"F-001AW, Note (6)",N,,150H5E,3.73,5.54,"Pipe line class 150H5E. Design code ASME B31.8. Design temperature range -40 / 75 deg C. Material LTCS. Diameter 1/2 - 3 in. Thickness range 3.73 - 5.54 mm. WPS number F-001AW, Note (6). PWHT N."
21,150H5E,ASME B31.8,-40 / 75,LTCS  - API 5L X60 (SMLS),6 - 8,6.35,"F-002AW, Note (6)",N,,150H5E,6.35,6.35,"Pipe line class 150H5E. Design code ASME B31.8. Design temperature range -40 / 75 deg C. Material LTCS  - API 5L X60 (SMLS). Diameter 6 - 8 in. Thickness range 6.35 mm. WPS number F-002AW, Note (6). PWHT N."
22,150J20,ASME B31.3,-40 / 180,LTCS NACE,3/4 - 3,5.49 - 8.74,20AW,N,,150J20,5.49,8.74,Pipe line class 150J20. Design code ASME B31.3. Design temperature range -40 / 180 deg C. Material LTCS NACE. Diameter 3/4 - 3 in. Thickness range 5.49 - 8.74 mm. WPS number 20AW. PWHT N.
23,150J20,ASME B31.3,-40 / 180,LTCS NACE,> 3,6.02 - 9.53,21AW,N,,150J20,6.02,9.53,Pipe line class 150J20. Design code ASME B31.3. Design temperature range -40 / 180 deg C. Material LTCS NACE. Diameter > 3 in. Thickness range 6.02 - 9.53 mm. WPS number 21AW. PWHT N.
24,150K21,ASME B31.3,-40 / 232,LTCS NACE,1/2 - 3,3.73 - 8.74,"20PW, for SW see Note (2)",Y,,150K21,3.73,8.74,"Pipe line class 150K21. Design code ASME B31.3. Design temperature range -40 / 232 deg C. Material LTCS NACE. Diameter 1/2 - 3 in. Thickness range 3.73 - 8.74 mm. WPS number 20PW, for SW see Note (2). PWHT Y."
25,150K21,ASME B31.3,-40 / 232,LTCS NACE,> 3,6.02 - 25.4,21PW,Y,,150K21,6.02,25.4,Pipe line class 150K21. Design code ASME B31.3. Design temperature range -40 / 232 deg C. Material LTCS NACE. Diameter > 3 in. Thickness range 6.02 - 25.4 mm. WPS number 21PW. PWHT Y.
26,150K23,ASME B31.3,-40 / 200,LTCS NACE,3/4 - 3,7.62 - 11.07,20PW,Y,,150K23,7.62,11.07,Pipe line class 150K23. Design code ASME B31.3. Design temperature range -40 / 200 deg C. Material LTCS NACE. Diameter 3/4 - 3 in. Thickness range 7.62 - 11.07 mm. WPS number 20PW. PWHT Y.
27,150K23,ASME B31.3,-40 / 200,LTCS NACE,> 3,8.56 - 12.70,21PW,Y,,150K23,8.56,12.7,Pipe line class 150K23. Design code ASME B31.3. Design temperature range -40 / 200 deg C. Material LTCS NACE. Diameter > 3 in. Thickness range 8.56 - 12.70 mm. WPS number 21PW. PWHT Y.
28,150K26,ASME B31.3,-40 / 343,LTCS NACE,1/2 - 3,3.91 - 5.54,"20PW, for SW see Note (2)",Y,"SW only for legacy lines < 2""",150K26,3.91,5.54,"Pipe line class 150K26. Design code ASME B31.3. Design temperature range -40 / 343 deg C. Material LTCS NACE. Diameter 1/2 - 3 in. Thickness range 3.91 - 5.54 mm. WPS number 20PW, for SW see Note (2). PWHT Y. Comments SW only for legacy lines < 2""."
29,150K26,ASME B31.3,-40 / 343,LTCS NACE,> 3,6.02 - 10.00,21PW,Y,,150K26,6.02,10,Pipe line class 150K26. Design code ASME B31.3. Design temperature range -40 / 343 deg C. Material LTCS NACE. Diameter > 3 in. Thickness range 6.02 - 10.00 mm. WPS number 21PW. PWHT Y.
30,150K5E,ASME B31.8,-40 / 75,LTCS PTFE Lined,,,,,Flanged connections,150K5E,,,Pipe line class 150K5E. Design code ASME B31.8. Design temperature range -40 / 75 deg C. Material LTCS PTFE Lined. Comments Flanged connections.
31,150K5F,ASME B31.8,-40 / 100,LTCS NACE - SMYS≤ 42 ksi (290 Mpa),3/4 - 3,3.91 - 8.74,"F-001PW, Note (6)",Y,,150K5F,3.91,8.74,"Pipe line class 150K5F. Design code ASME B31.8. Design temperature range -40 / 100 deg C. Material LTCS NACE - SMYS≤ 42 ksi (290 Mpa). Diameter 3/4 - 3 in. Thickness range 3.91 - 8.74 mm. WPS number F-001PW, Note (6). PWHT Y."
32,150K5F,ASME B31.8,-40 / 100,LTCS  - API 5L X60 (SMLS),4 - 12,6.02 - 6.35,"F-002PW, Note (6)",Y,,150K5F,6.02,6.35,"Pipe line class 150K5F. Design code ASME B31.8. Design temperature range -40 / 100 deg C. Material LTCS  - API 5L X60 (SMLS). Diameter 4 - 12 in. Thickness range 6.02 - 6.35 mm. WPS number F-002PW, Note (6). PWHT Y."
33,150K5F,ASME B31.8,-40 / 100,LTCS  - API 5L X60 (SMLS),> 12,6.35 - 9.53,"F-017PW, Note (6)",Y,,150K5F,6.35,9.53,"Pipe line class 150K5F. Design code ASME B31.8. Design temperature range -40 / 100 deg C. Material LTCS  - API 5L X60 (SMLS). Diameter > 12 in. Thickness range 6.35 - 9.53 mm. WPS number F-017PW, Note (6). PWHT Y."
34,150M40,ASME B31.3,-40 / 215,Monel 400,3/4 - 2,2.87 - 3.91,48AW,N,,150M40,2.87,3.91,Pipe line class 150M40. Design code ASME B31.3. Design temperature range -40 / 215 deg C. Material Monel 400. Diameter 3/4 - 2 in. Thickness range 2.87 - 3.91 mm. WPS number 48AW. PWHT N.
35,150MO6,ASME B31.3,-40 / 200,6% Moly (UNS31254),1/2 - 3,3.91 - 5.08,01AW,N,"SW only for legacy lines < 2""",150MO6,3.91,5.08,"Pipe line class 150MO6. Design code ASME B31.3. Design temperature range -40 / 200 deg C. Material 6% Moly (UNS31254). Diameter 1/2 - 3 in. Thickness range 3.91 - 5.08 mm. WPS number 01AW. PWHT N. Comments SW only for legacy lines < 2""."
36,150MO6,ASME B31.3,-40 / 200,6% Moly (UNS31254),> 3,7.04 - 7.80,01AW,N,,150MO6,7.04,7.8,Pipe line class 150MO6. Design code ASME B31.3. Design temperature range -40 / 200 deg C. Material 6% Moly (UNS31254). Diameter > 3 in. Thickness range 7.04 - 7.80 mm. WPS number 01AW. PWHT N.
37,150P21,ASME B31.3,-120 / 180,316/316L SS,1/2 - 3,3.91 - 7.82,25AW,N,,150P21,3.91,7.82,Pipe line class 150P21. Design code ASME B31.3. Design temperature range -120 / 180 deg C. Material 316/316L SS. Diameter 1/2 - 3 in. Thickness range 3.91 - 7.82 mm. WPS number 25AW. PWHT N.
38,150P21,ASME B31.3,-120 / 180,316/316L SS,> 3,7.11 - 24.61,14AW,N,,150P21,7.11,24.61,Pipe line class 150P21. Design code ASME B31.3. Design temperature range -120 / 180 deg C. Material 316/316L SS. Diameter > 3 in. Thickness range 7.11 - 24.61 mm. WPS number 14AW. PWHT N.
39,150P22,ASME B31.3,-40 / 535,316/316L SS,1/2 - 3,3.38 - 7.82,25AW,N,,150P22,3.38,7.82,Pipe line class 150P22. Design code ASME B31.3. Design temperature range -40 / 535 deg C. Material 316/316L SS. Diameter 1/2 - 3 in. Thickness range 3.38 - 7.82 mm. WPS number 25AW. PWHT N.
40,150P22,ASME B31.3,-40 / 535,316/316L SS,> 3,7.04 - 12.70,14AW,N,,150P22,7.04,12.7,Pipe line class 150P22. Design code ASME B31.3. Design temperature range -40 / 535 deg C. Material 316/316L SS. Diameter > 3 in. Thickness range 7.04 - 12.70 mm. WPS number 14AW. PWHT N.
41,150P23,ASME B31.3,-40 / 145,316 SS,1/2 - 2,3.91 - 5.54,25AW,N,For vendor packages only,150P23,3.91,5.54,Pipe line class 150P23. Design code ASME B31.3. Design temperature range -40 / 145 deg C. Material 316 SS. Diameter 1/2 - 2 in. Thickness range 3.91 - 5.54 mm. WPS number 25AW. PWHT N. Comments For vendor packages only.
42,150PE2,,-40 / 40,HDPE,,,,,Thermal fusion technique,150PE2,,,Pipe line class 150PE2. Design temperature range -40 / 40 deg C. Material HDPE. Comments Thermal fusion technique.
43,150PE3,,-40 / 40,HDPE,,,,,Thermal fusion technique,150PE3,,,Pipe line class 150PE3. Design temperature range -40 / 40 deg C. Material HDPE. Comments Thermal fusion technique.
44,150PE4,,-40 / 40,HDPE,,,,,Thermal fusion technique,150PE4,,,Pipe line class 150PE4. Design temperature range -40 / 40 deg C. Material HDPE. Comments Thermal fusion technique.
45,150PE7,,-40 / 75,HDPE,,,,,Below ground thermal fusion technique,150PE7,,,Pipe line class 150PE7. Design temperature range -40 / 75 deg C. Material HDPE. Comments Below ground thermal fusion technique.
46,150PE7,,-40 / 75,HDPE,,,,,Above ground flanged connections,150PE7,,,Pipe line class 150PE7. Design temperature range -40 / 75 deg C. Material HDPE. Comments Above ground flanged connections.
47,150PE14,,-40 / 40,HDPE,,,,,Thermal fusion technique,150PE14,,,Pipe line class 150PE14. Design temperature range -40 / 40 deg C. Material HDPE. Comments Thermal fusion technique.
48,150PE15,,-40 / 75,HDPE,,,,,Thermal fusion technique,150PE15,,,Pipe line class 150PE15. Design temperature range -40 / 75 deg C. Material HDPE. Comments Thermal fusion technique.
49,150PE16,,-40 / 75,HDPE,,,,,Thermal fusion technique,150PE16,,,Pipe line class 150PE16. Design temperature range -40 / 75 deg C. Material HDPE. Comments Thermal fusion technique.
50,150VC01,ASME B31.3,-40 / 110,LTCS Galv,≤ 1,,,,Screwed connections,150VC01,,,Pipe line class 150VC01. Design code ASME B31.3. Design temperature range -40 / 110 deg C. Material LTCS Galv. Diameter ≤ 1 in. Comments Screwed connections.
51,150VC01,ASME B31.3,-40 / 110,LTCS Galv,≥ 1.1/2 and ≤ 16,,,,Victaulic groove & coupling,150VC01,,,Pipe line class 150VC01. Design code ASME B31.3. Design temperature range -40 / 110 deg C. Material LTCS Galv. Diameter ≥ 1.1/2 and ≤ 16 in. Comments Victaulic groove & coupling.
52,150VC01,ASME B31.3,-40 / 110,LTCS Galv,> 16,7.92 - 9.53,21AW,N,,150VC01,7.92,9.53,Pipe line class 150VC01. Design code ASME B31.3. Design temperature range -40 / 110 deg C. Material LTCS Galv. Diameter > 16 in. Thickness range 7.92 - 9.53 mm. WPS number 21AW. PWHT N.
53,150VG01,ASME B31.3,-40 / 110,LTCS Galv,≤ 1,,,,Screwed connections,150VG01,,,Pipe line class 150VG01. Design code ASME B31.3. Design temperature range -40 / 110 deg C. Material LTCS Galv. Diameter ≤ 1 in. Comments Screwed connections.
54,150VG01,ASME B31.3,-40 / 110,LTCS Galv,≥ 1.1/2 and ≤ 16,,,,Victaulic groove & coupling,150VG01,,,Pipe line class 150VG01. Design code ASME B31.3. Design temperature range -40 / 110 deg C. Material LTCS Galv. Diameter ≥ 1.1/2 and ≤ 16 in. Comments Victaulic groove & coupling.
55,150VG01,ASME B31.3,-40 / 110,LTCS Galv,> 16,7.92 - 9.53,21AW,N,,150VG01,7.92,9.53,Pipe line class 150VG01. Design code ASME B31.3. Design temperature range -40 / 110 deg C. Material LTCS Galv. Diameter > 16 in. Thickness range 7.92 - 9.53 mm. WPS number 21AW. PWHT N.
56,150VS01,ASME B31.3,-40 / 110,316/316L SS,,,,,Victaulic groove & coupling,150VS01,,,Pipe line class 150VS01. Design code ASME B31.3. Design temperature range -40 / 110 deg C. Material 316/316L SS. Comments Victaulic groove & coupling.
57,300A20,ASME B31.3,-40 / 200,Alloy 20,1/2 - 3,3.91 - 5.56,45AW,N,,300A20,3.91,5.56,Pipe line class 300A20. Design code ASME B31.3. Design temperature range -40 / 200 deg C. Material Alloy 20. Diameter 1/2 - 3 in. Thickness range 3.91 - 5.56 mm. WPS number 45AW. PWHT N.
58,300A20,ASME B31.3,-40 / 200,Alloy 20,> 3,7.11 - 9.52,46AW,N,,300A20,7.11,9.52,Pipe line class 300A20. Design code ASME B31.3. Design temperature range -40 / 200 deg C. Material Alloy 20. Diameter > 3 in. Thickness range 7.11 - 9.52 mm. WPS number 46AW. PWHT N.
59,300A80,ASME B31.3,-40 / 230,Incoloy 825,1/2 - 12,3.91 - 9.52,51AW,N,,300A80,3.91,9.52,Pipe line class 300A80. Design code ASME B31.3. Design temperature range -40 / 230 deg C. Material Incoloy 825. Diameter 1/2 - 12 in. Thickness range 3.91 - 9.52 mm. WPS number 51AW. PWHT N.
60,300C80,ASME B31.3,-40 / 230,Incoloy 825,1/2-3 Solid,3.68 - 5.49,51AW,N,,300C80,3.68,5.49,Pipe line class 300C80. Design code ASME B31.3. Design temperature range -40 / 230 deg C. Material Incoloy 825. Diameter 1/2-3 Solid in. Thickness range 3.68 - 5.49 mm. WPS number 51AW. PWHT N.
61,300C80,ASME B31.3,-40 / 230,LTCS + 3 mm 625 internal cladding,4-16,6.02 - 12.70,81AW,N see Note (7),,300C80,6.02,12.7,Pipe line class 300C80. Design code ASME B31.3. Design temperature range -40 / 230 deg C. Material LTCS + 3 mm 625 internal cladding. Diameter 4-16 in. Thickness range 6.02 - 12.70 mm. WPS number 81AW. PWHT N see Note (7).
62,300C80,ASME B31.3,-40 / 230,LTCS + 3 mm 825 internal cladding,4-16,6.02 - 12.70,Contact MI Engineer,N see Note (7),,300C80,6.02,12.7,Pipe line class 300C80. Design code ASME B31.3. Design temperature range -40 / 230 deg C. Material LTCS + 3 mm 825 internal cladding. Diameter 4-16 in. Thickness range 6.02 - 12.70 mm. WPS number Contact MI Engineer. PWHT N see Note (7).
63,300C80,ASME B31.3,-40 / 230,LTCS + 3 mm 825/625 internal cladding,18 - 24,12.70 - 14.27,Contact MI Engineer,N see Note (7),,300C80,12.7,14.27,Pipe line class 300C80. Design code ASME B31.3. Design temperature range -40 / 230 deg C. Material LTCS + 3 mm 825/625 internal cladding. Diameter 18 - 24 in. Thickness range 12.70 - 14.27 mm. WPS number Contact MI Engineer. PWHT N see Note (7).
64,300C80,ASME B31.3,-40 / 230,LTCS + 3 mm 825/625 internal cladding,42,24,Contact MI Engineer,Y,,300C80,24,24,Pipe line class 300C80. Design code ASME B31.3. Design temperature range -40 / 230 deg C. Material LTCS + 3 mm 825/625 internal cladding. Diameter 42 in. Thickness range 24 mm. WPS number Contact MI Engineer. PWHT Y.
65,300H21(A),ASME B31.3,-40 / 343,LTCS NACE,1/2 - 3,3.73 - 7.82,"20AW, for SW see Note (2)",N,"For service code CDM use 300H21 (B). SW only for legacy lines < 2""",300H21A,3.73,7.82,"Pipe line class 300H21(A). Design code ASME B31.3. Design temperature range -40 / 343 deg C. Material LTCS NACE. Diameter 1/2 - 3 in. Thickness range 3.73 - 7.82 mm. WPS number 20AW, for SW see Note (2). PWHT N. Comments For service code CDM use 300H21 (B). SW only for legacy lines < 2""."
66,300H21(A),ASME B31.3,-40 / 343,LTCS NACE,14 - 30,9.53 - 18.00,21AW,N,"For service code CDM use 300H21 (B). SW only for legacy lines < 2""",300H21A,9.53,18,"Pipe line class 300H21(A). Design code ASME B31.3. Design temperature range -40 / 343 deg C. Material LTCS NACE. Diameter 14 - 30 in. Thickness range 9.53 - 18.00 mm. WPS number 21AW. PWHT N. Comments For service code CDM use 300H21 (B). SW only for legacy lines < 2""."
67,300H21(A),ASME B31.3,-40 / 343,LTCS NACE,24 - 48,19.05 - 29.00,21PW,Y,"For service code CDM use 300H21 (B). SW only for legacy lines < 2""",300H21A,19.05,29,"Pipe line class 300H21(A). Design code ASME B31.3. Design temperature range -40 / 343 deg C. Material LTCS NACE. Diameter 24 - 48 in. Thickness range 19.05 - 29.00 mm. WPS number 21PW. PWHT Y. Comments For service code CDM use 300H21 (B). SW only for legacy lines < 2""."
68,300H21 (B),ASME B31.3,-40 / 343,LTCS NACE,1/2 - 3,3.73 - 7.82,"20PW, for SW see Note (2)",Y,"For service code CDM only. SW only for legacy lines < 2""",300H21B,3.73,7.82,"Pipe line class 300H21 (B). Design code ASME B31.3. Design temperature range -40 / 343 deg C. Material LTCS NACE. Diameter 1/2 - 3 in. Thickness range 3.73 - 7.82 mm. WPS number 20PW, for SW see Note (2). PWHT Y. Comments For service code CDM only. SW only for legacy lines < 2""."
69,300H21 (B),ASME B31.3,-40 / 343,LTCS NACE,14 - 30,9.53 - 18.00,21PW,Y,"For service code CDM only. SW only for legacy lines < 2""",300H21B,9.53,18,"Pipe line class 300H21 (B). Design code ASME B31.3. Design temperature range -40 / 343 deg C. Material LTCS NACE. Diameter 14 - 30 in. Thickness range 9.53 - 18.00 mm. WPS number 21PW. PWHT Y. Comments For service code CDM only. SW only for legacy lines < 2""."
70,300H21 (B),ASME B31.3,-40 / 343,LTCS NACE,24 - 48,19.05 - 29.00,21PW,Y,"For service code CDM only. SW only for legacy lines < 2""",300H21B,19.05,29,"Pipe line class 300H21 (B). Design code ASME B31.3. Design temperature range -40 / 343 deg C. Material LTCS NACE. Diameter 24 - 48 in. Thickness range 19.05 - 29.00 mm. WPS number 21PW. PWHT Y. Comments For service code CDM only. SW only for legacy lines < 2""."
71,300H25 (A),ASME B31.3,-40 / 343,LTCS NACE,1/2 - 3,4.55 - 7.82,"20AW, for SW see Note (2)",N,"For legacy lines service code CC, CCS, DCS use 300H25 (B). SW only for legacy lines < 2""",300H25A,4.55,7.82,"Pipe line class 300H25 (A). Design code ASME B31.3. Design temperature range -40 / 343 deg C. Material LTCS NACE. Diameter 1/2 - 3 in. Thickness range 4.55 - 7.82 mm. WPS number 20AW, for SW see Note (2). PWHT N. Comments For legacy lines service code CC, CCS, DCS use 300H25 (B). SW only for legacy lines < 2""."
72,300H25 (A),ASME B31.3,-40 / 343,LTCS NACE,> 3,8.18 - 17.48,21AW,N,"For legacy lines service code CC, CCS, DCS use 300H25 (B). SW only for legacy lines < 2""",300H25A,8.18,17.48,"Pipe line class 300H25 (A). Design code ASME B31.3. Design temperature range -40 / 343 deg C. Material LTCS NACE. Diameter > 3 in. Thickness range 8.18 - 17.48 mm. WPS number 21AW. PWHT N. Comments For legacy lines service code CC, CCS, DCS use 300H25 (B). SW only for legacy lines < 2""."
73,300H25 (B),ASME B31.3,-40 / 343,LTCS NACE,1/2 - 3,4.55 - 7.82,"20PW, for SW see Note (2)",Y,"For legacy lines service codes CC, CCS, DCS only. SW only for legacy lines < 2""",300H25B,4.55,7.82,"Pipe line class 300H25 (B). Design code ASME B31.3. Design temperature range -40 / 343 deg C. Material LTCS NACE. Diameter 1/2 - 3 in. Thickness range 4.55 - 7.82 mm. WPS number 20PW, for SW see Note (2). PWHT Y. Comments For legacy lines service codes CC, CCS, DCS only. SW only for legacy lines < 2""."
74,300H25 (B),ASME B31.3,-40 / 343,LTCS NACE,> 3,8.18 - 17.48,21PW,Y,"For legacy lines service codes CC, CCS, DCS only. SW only for legacy lines < 2""",300H25B,8.18,17.48,"Pipe line class 300H25 (B). Design code ASME B31.3. Design temperature range -40 / 343 deg C. Material LTCS NACE. Diameter > 3 in. Thickness range 8.18 - 17.48 mm. WPS number 21PW. PWHT Y. Comments For legacy lines service codes CC, CCS, DCS only. SW only for legacy lines < 2""."
75,300H2G,ASME B31.3,-40 / 150,LTCS Galv/Scrd,≤ 2,5.54 - 7.14,,,Threaded connections,300H2G,5.54,7.14,Pipe line class 300H2G. Design code ASME B31.3. Design temperature range -40 / 150 deg C. Material LTCS Galv/Scrd. Diameter ≤ 2 in. Thickness range 5.54 - 7.14 mm. Comments Threaded connections.
76,300H2G,ASME B31.3,-40 / 150,LTCS Galv/Scrd,> 2,6.02 - 7.62,"21AW, Note (3)",N,Welded,300H2G,6.02,7.62,"Pipe line class 300H2G. Design code ASME B31.3. Design temperature range -40 / 150 deg C. Material LTCS Galv/Scrd. Diameter > 2 in. Thickness range 6.02 - 7.62 mm. WPS number 21AW, Note (3). PWHT N. Comments Welded."
77,300H5F,ASME B31.8,-40 / 90,LTCS NACE - SMYS≤ 42 ksi (290 Mpa),3/4 - 3,3.91 - 5.54,"F-001AW, Note (6)",N,,300H5F,3.91,5.54,"Pipe line class 300H5F. Design code ASME B31.8. Design temperature range -40 / 90 deg C. Material LTCS NACE - SMYS≤ 42 ksi (290 Mpa). Diameter 3/4 - 3 in. Thickness range 3.91 - 5.54 mm. WPS number F-001AW, Note (6). PWHT N."
78,300H5F,ASME B31.8,-40 / 90,LTCS  - API 5L X60 (SMLS),4 - 12,6.02 - 7.09,"F-002AW, Note (6)",N,,300H5F,6.02,7.09,"Pipe line class 300H5F. Design code ASME B31.8. Design temperature range -40 / 90 deg C. Material LTCS  - API 5L X60 (SMLS). Diameter 4 - 12 in. Thickness range 6.02 - 7.09 mm. WPS number F-002AW, Note (6). PWHT N."
79,300H5F,ASME B31.8,-40 / 90,LTCS  - API 5L X60 (SMLS),> 12,7.92 - 9.53,"F-017AW, Note (6)",N,,300H5F,7.92,9.53,"Pipe line class 300H5F. Design code ASME B31.8. Design temperature range -40 / 90 deg C. Material LTCS  - API 5L X60 (SMLS). Diameter > 12 in. Thickness range 7.92 - 9.53 mm. WPS number F-017AW, Note (6). PWHT N."
80,300H5P,ASME B31.8,-40 / 80,LTCS NACE - SMYS≤ 42 ksi (290 Mpa),3/4 - 3,3.91 - 5.54,"F-001AW, Note (6)",N,,300H5P,3.91,5.54,"Pipe line class 300H5P. Design code ASME B31.8. Design temperature range -40 / 80 deg C. Material LTCS NACE - SMYS≤ 42 ksi (290 Mpa). Diameter 3/4 - 3 in. Thickness range 3.91 - 5.54 mm. WPS number F-001AW, Note (6). PWHT N."
81,300H5P,ASME B31.8,-40 / 80,LTCS  - API 5L X60 (SMLS),4 - 12,6.02 - 6.35,"F-002AW, Note (6)",N,,300H5P,6.02,6.35,"Pipe line class 300H5P. Design code ASME B31.8. Design temperature range -40 / 80 deg C. Material LTCS  - API 5L X60 (SMLS). Diameter 4 - 12 in. Thickness range 6.02 - 6.35 mm. WPS number F-002AW, Note (6). PWHT N."
82,300H5P,ASME B31.8,-40 / 80,LTCS  - API 5L X60 (SMLS),> 12,6.35 - 9.53,"F-017AW, Note (6)",N,,300H5P,6.35,9.53,"Pipe line class 300H5P. Design code ASME B31.8. Design temperature range -40 / 80 deg C. Material LTCS  - API 5L X60 (SMLS). Diameter > 12 in. Thickness range 6.35 - 9.53 mm. WPS number F-017AW, Note (6). PWHT N."
83,300J20,ASME B31.3,-40 / 180,LTCS NACE,3/4 - 3,3.91 - 5.56,20AW,N,,300J20,3.91,5.56,Pipe line class 300J20. Design code ASME B31.3. Design temperature range -40 / 180 deg C. Material LTCS NACE. Diameter 3/4 - 3 in. Thickness range 3.91 - 5.56 mm. WPS number 20AW. PWHT N.
84,300J20,ASME B31.3,-40 / 180,LTCS NACE,> 3,6.35 - 9.53,21AW,N,,300J20,6.35,9.53,Pipe line class 300J20. Design code ASME B31.3. Design temperature range -40 / 180 deg C. Material LTCS NACE. Diameter > 3 in. Thickness range 6.35 - 9.53 mm. WPS number 21AW. PWHT N.
85,300K21,ASME B31.3,-40 / 260,LTCS NACE,1/2 - 3,4.55 - 7.82,"20PW, for SW see Note (2)",Y,"SW only for legacy lines < 2""",300K21,4.55,7.82,"Pipe line class 300K21. Design code ASME B31.3. Design temperature range -40 / 260 deg C. Material LTCS NACE. Diameter 1/2 - 3 in. Thickness range 4.55 - 7.82 mm. WPS number 20PW, for SW see Note (2). PWHT Y. Comments SW only for legacy lines < 2""."
86,300K21,ASME B31.3,-40 / 260,LTCS NACE,> 3,8.18 - 36.0,21PW,Y,"SW only for legacy lines < 2""",300K21,8.18,36,"Pipe line class 300K21. Design code ASME B31.3. Design temperature range -40 / 260 deg C. Material LTCS NACE. Diameter > 3 in. Thickness range 8.18 - 36.0 mm. WPS number 21PW. PWHT Y. Comments SW only for legacy lines < 2""."
87,300K23,ASME B31.3,-40 / 200,LTCS NACE,1/2 - 3,7.47 - 11.13,20PW,Y,,300K23,7.47,11.13,Pipe line class 300K23. Design code ASME B31.3. Design temperature range -40 / 200 deg C. Material LTCS NACE. Diameter 1/2 - 3 in. Thickness range 7.47 - 11.13 mm. WPS number 20PW. PWHT Y.
88,300K23,ASME B31.3,-40 / 200,LTCS NACE,> 3,10.97 - 20.62,21PW,Y,,300K23,10.97,20.62,Pipe line class 300K23. Design code ASME B31.3. Design temperature range -40 / 200 deg C. Material LTCS NACE. Diameter > 3 in. Thickness range 10.97 - 20.62 mm. WPS number 21PW. PWHT Y.
89,300K5A (AG),ASME B31.8,-40 / 88,LTCS NACE - SMYS≤ 42 ksi (290 Mpa),3/4 - 3,4.55 - 7.47,"F-001PW, Note (6)",Y,For above ground welds only,300K5AAG,4.55,7.47,"Pipe line class 300K5A (AG). Design code ASME B31.8. Design temperature range -40 / 88 deg C. Material LTCS NACE - SMYS≤ 42 ksi (290 Mpa). Diameter 3/4 - 3 in. Thickness range 4.55 - 7.47 mm. WPS number F-001PW, Note (6). PWHT Y. Comments For above ground welds only."
90,300K5A (AG),ASME B31.8,-40 / 88,LTCS  - API 5L X60 (SMLS),4 - 12,6.02 - 12.70,"F-002PW, Note (6)",Y,For above ground welds only,300K5AAG,6.02,12.7,"Pipe line class 300K5A (AG). Design code ASME B31.8. Design temperature range -40 / 88 deg C. Material LTCS  - API 5L X60 (SMLS). Diameter 4 - 12 in. Thickness range 6.02 - 12.70 mm. WPS number F-002PW, Note (6). PWHT Y. Comments For above ground welds only."
91,300K5A (AG),ASME B31.8,-40 / 88,LTCS  - API 5L X60 (SMLS),> 12,7.14 - 34.93,"F-017PW, Note (6)",Y,For above ground welds only,300K5AAG,7.14,34.93,"Pipe line class 300K5A (AG). Design code ASME B31.8. Design temperature range -40 / 88 deg C. Material LTCS  - API 5L X60 (SMLS). Diameter > 12 in. Thickness range 7.14 - 34.93 mm. WPS number F-017PW, Note (6). PWHT Y. Comments For above ground welds only."
92,300K5A (UG),ASME B31.8,-40 / 88,LTCS  - API 5L X60 (SMLS),4 - 12,6.02 - 7.14,"F-002AW, Note (6)",N,For below ground pipeline welds only,300K5AUG,6.02,7.14,"Pipe line class 300K5A (UG). Design code ASME B31.8. Design temperature range -40 / 88 deg C. Material LTCS  - API 5L X60 (SMLS). Diameter 4 - 12 in. Thickness range 6.02 - 7.14 mm. WPS number F-002AW, Note (6). PWHT N. Comments For below ground pipeline welds only."
93,300K5A (UG),ASME B31.8,-40 / 88,LTCS  - API 5L X60 (SMLS),> 12,7.14 - 10.31,"F-017AW, Note (6)",N,For below ground pipeline welds only,300K5AUG,7.14,10.31,"Pipe line class 300K5A (UG). Design code ASME B31.8. Design temperature range -40 / 88 deg C. Material LTCS  - API 5L X60 (SMLS). Diameter > 12 in. Thickness range 7.14 - 10.31 mm. WPS number F-017AW, Note (6). PWHT N. Comments For below ground pipeline welds only."
94,300K5D,ASME B31.3,-40 / 343,LTCS NACE,1/2 - 3,4.55 - 7.47,20PW,Y,,300K5D,4.55,7.47,Pipe line class 300K5D. Design code ASME B31.3. Design temperature range -40 / 343 deg C. Material LTCS NACE. Diameter 1/2 - 3 in. Thickness range 4.55 - 7.47 mm. WPS number 20PW. PWHT Y.
95,300K5D,ASME B31.3,-40 / 343,LTCS NACE,> 3,6.02 - 7.11,21PW,Y,,300K5D,6.02,7.11,Pipe line class 300K5D. Design code ASME B31.3. Design temperature range -40 / 343 deg C. Material LTCS NACE. Diameter > 3 in. Thickness range 6.02 - 7.11 mm. WPS number 21PW. PWHT Y.
96,300K5E (AG),ASME B31.8,-40 / 95,LTCS NACE - SMYS≤ 42 ksi (290 Mpa),3/4 - 3,4.55 - 7.47,"F-001PW, Note (6)",Y,For above ground welds only,300K5EAG,4.55,7.47,"Pipe line class 300K5E (AG). Design code ASME B31.8. Design temperature range -40 / 95 deg C. Material LTCS NACE - SMYS≤ 42 ksi (290 Mpa). Diameter 3/4 - 3 in. Thickness range 4.55 - 7.47 mm. WPS number F-001PW, Note (6). PWHT Y. Comments For above ground welds only."
97,300K5E (AG),ASME B31.8,-40 / 95,LTCS  - API 5L X60 (SMLS),4 - 12,6.02 - 7.14,"F-002PW, Note (6)",Y,For above ground welds only,300K5EAG,6.02,7.14,"Pipe line class 300K5E (AG). Design code ASME B31.8. Design temperature range -40 / 95 deg C. Material LTCS  - API 5L X60 (SMLS). Diameter 4 - 12 in. Thickness range 6.02 - 7.14 mm. WPS number F-002PW, Note (6). PWHT Y. Comments For above ground welds only."
98,300K5E (AG),ASME B31.8,-40 / 95,LTCS  - API 5L X60 (SMLS),> 12,7.92 - 15.88,"F-017PW, Note (6)",Y,For above ground welds only,300K5EAG,7.92,15.88,"Pipe line class 300K5E (AG). Design code ASME B31.8. Design temperature range -40 / 95 deg C. Material LTCS  - API 5L X60 (SMLS). Diameter > 12 in. Thickness range 7.92 - 15.88 mm. WPS number F-017PW, Note (6). PWHT Y. Comments For above ground welds only."
99,300K5E (UG),ASME B31.8,-40 / 95,LTCS  - API 5L X60 (SMLS),4 - 12,6.02 - 7.14,"F-002AW, Note (6)",N,For below ground pipeline welds only,300K5EUG,6.02,7.14,"Pipe line class 300K5E (UG). Design code ASME B31.8. Design temperature range -40 / 95 deg C. Material LTCS  - API 5L X60 (SMLS). Diameter 4 - 12 in. Thickness range 6.02 - 7.14 mm. WPS number F-002AW, Note (6). PWHT N. Comments For below ground pipeline welds only."
100,300K5E (UG),ASME B31.8,-40 / 95,LTCS  - API 5L X60 (SMLS),> 12,7.92 - 11.91,"F-017AW, Note (6)",N,For below ground pipeline welds only,300K5EUG,7.92,11.91,"Pipe line class 300K5E (UG). Design code ASME B31.8. Design temperature range -40 / 95 deg C. Material LTCS  - API 5L X60 (SMLS). Diameter > 12 in. Thickness range 7.92 - 11.91 mm. WPS number F-017AW, Note (6). PWHT N. Comments For below ground pipeline welds only."
101,300K5F (AG),ASME B31.8,-40 / 80,LTCS NACE - SMYS≤ 42 ksi (290 Mpa),3/4 - 3,3.91 - 5.54,"F-001PW, Note (6)",Y,For above ground welds only,300K5FAG,3.91,5.54,"Pipe line class 300K5F (AG). Design code ASME B31.8. Design temperature range -40 / 80 deg C. Material LTCS NACE - SMYS≤ 42 ksi (290 Mpa). Diameter 3/4 - 3 in. Thickness range 3.91 - 5.54 mm. WPS number F-001PW, Note (6). PWHT Y. Comments For above ground welds only."
102,300K5F (AG),ASME B31.8,-40 / 80,LTCS  - API 5L X60 (SMLS),4 - 12,6.02 - 7.14,"F-002PW, Note (6)",Y,For above ground welds only,300K5FAG,6.02,7.14,"Pipe line class 300K5F (AG). Design code ASME B31.8. Design temperature range -40 / 80 deg C. Material LTCS  - API 5L X60 (SMLS). Diameter 4 - 12 in. Thickness range 6.02 - 7.14 mm. WPS number F-002PW, Note (6). PWHT Y. Comments For above ground welds only."
103,300K5F (AG),ASME B31.8,-40 / 80,LTCS  - API 5L X60 (SMLS),> 12,7.92 - 11.91,"F-017PW, Note (6)",Y,For above ground welds only,300K5FAG,7.92,11.91,"Pipe line class 300K5F (AG). Design code ASME B31.8. Design temperature range -40 / 80 deg C. Material LTCS  - API 5L X60 (SMLS). Diameter > 12 in. Thickness range 7.92 - 11.91 mm. WPS number F-017PW, Note (6). PWHT Y. Comments For above ground welds only."
104,300K5F (UG),ASME B31.8,-40 / 80,LTCS  - API 5L X60 (SMLS),4 - 12,6.02 - 7.14,"F-002AW, Note (6)",N,For below ground pipeline welds only,300K5FUG,6.02,7.14,"Pipe line class 300K5F (UG). Design code ASME B31.8. Design temperature range -40 / 80 deg C. Material LTCS  - API 5L X60 (SMLS). Diameter 4 - 12 in. Thickness range 6.02 - 7.14 mm. WPS number F-002AW, Note (6). PWHT N. Comments For below ground pipeline welds only."
105,300K5F (UG),ASME B31.8,-40 / 80,LTCS  - API 5L X60 (SMLS),> 12,7.92 - 11.91,"F-017AW, Note (6)",N,For below ground pipeline welds only,300K5FUG,7.92,11.91,"Pipe line class 300K5F (UG). Design code ASME B31.8. Design temperature range -40 / 80 deg C. Material LTCS  - API 5L X60 (SMLS). Diameter > 12 in. Thickness range 7.92 - 11.91 mm. WPS number F-017AW, Note (6). PWHT N. Comments For below ground pipeline welds only."
106,300K5G (AG),ASME B31.8,-40 / 95,Incoloy 825,3/4-3 Solid,3.91 - 7.62,51AW,N see Note (7),For above ground welds only,300K5GAG,3.91,7.62,Pipe line class 300K5G (AG). Design code ASME B31.8. Design temperature range -40 / 95 deg C. Material Incoloy 825. Diameter 3/4-3 Solid in. Thickness range 3.91 - 7.62 mm. WPS number 51AW. PWHT N see Note (7). Comments For above ground welds only.
107,300K5G (AG),ASME B31.8,-40 / 95,LTCS  - API 5L X60 (SMLS) + 3 mm  825 internal cladding,6-16,7.11 - 9.53,Contact MI Engineer,N see Note (7),For above ground welds only,300K5GAG,7.11,9.53,Pipe line class 300K5G (AG). Design code ASME B31.8. Design temperature range -40 / 95 deg C. Material LTCS  - API 5L X60 (SMLS) + 3 mm  825 internal cladding. Diameter 6-16 in. Thickness range 7.11 - 9.53 mm. WPS number Contact MI Engineer. PWHT N see Note (7). Comments For above ground welds only.
108,300K5G (UG),ASME B31.8,-40 / 95,Incoloy 825,3/4-3 Solid,3.91 - 7.62,51AW,N see Note (7),For below ground pipeline welds only,300K5GUG,3.91,7.62,Pipe line class 300K5G (UG). Design code ASME B31.8. Design temperature range -40 / 95 deg C. Material Incoloy 825. Diameter 3/4-3 Solid in. Thickness range 3.91 - 7.62 mm. WPS number 51AW. PWHT N see Note (7). Comments For below ground pipeline welds only.
109,300K5G (UG),ASME B31.8,-40 / 95,LTCS  - API 5L X60 (SMLS) + 3 mm  825 internal cladding,6-16,7.11 - 9.53,Contact MI Engineer,N see Note (7),For below ground pipeline welds only,300K5GUG,7.11,9.53,Pipe line class 300K5G (UG). Design code ASME B31.8. Design temperature range -40 / 95 deg C. Material LTCS  - API 5L X60 (SMLS) + 3 mm  825 internal cladding. Diameter 6-16 in. Thickness range 7.11 - 9.53 mm. WPS number Contact MI Engineer. PWHT N see Note (7). Comments For below ground pipeline welds only.
110,300MO6,ASME B31.3,-40 / 130,6% Moly (UNS31254),1/2 - 3,3.91 - 5.49,01AW,N,"SW only for legacy lines < 2""",300MO6,3.91,5.49,"Pipe line class 300MO6. Design code ASME B31.3. Design temperature range -40 / 130 deg C. Material 6% Moly (UNS31254). Diameter 1/2 - 3 in. Thickness range 3.91 - 5.49 mm. WPS number 01AW. PWHT N. Comments SW only for legacy lines < 2""."
111,300P21,ASME B31.3,-120 / 180,316/316L SS,1/2 - 3,3.91 - 5.08,25AW,N,"SW only for legacy lines < 2""",300P21,3.91,5.08,"Pipe line class 300P21. Design code ASME B31.3. Design temperature range -120 / 180 deg C. Material 316/316L SS. Diameter 1/2 - 3 in. Thickness range 3.91 - 5.08 mm. WPS number 25AW. PWHT N. Comments SW only for legacy lines < 2""."
112,300P21,ASME B31.3,-120 / 180,316/316L SS,> 3,9.52 - 17.48,14AW,N,,300P21,9.52,17.48,Pipe line class 300P21. Design code ASME B31.3. Design temperature range -120 / 180 deg C. Material 316/316L SS. Diameter > 3 in. Thickness range 9.52 - 17.48 mm. WPS number 14AW. PWHT N.
113,300P22,ASME B31.3,-40 / 350,316/316L SS,1/2 - 3,3.91 - 7.82,25AW,N,,300P22,3.91,7.82,Pipe line class 300P22. Design code ASME B31.3. Design temperature range -40 / 350 deg C. Material 316/316L SS. Diameter 1/2 - 3 in. Thickness range 3.91 - 7.82 mm. WPS number 25AW. PWHT N.
114,300P22,ASME B31.3,-40 / 350,316/316L SS,> 3,9.52 - 17.48,14AW,N,,300P22,9.52,17.48,Pipe line class 300P22. Design code ASME B31.3. Design temperature range -40 / 350 deg C. Material 316/316L SS. Diameter > 3 in. Thickness range 9.52 - 17.48 mm. WPS number 14AW. PWHT N.
115,300PF2,ASME B31.3,-40 / 130,Glass Reinforced Epoxy,,,,N,Adhesive taper joint,300PF2,,,Pipe line class 300PF2. Design code ASME B31.3. Design temperature range -40 / 130 deg C. Material Glass Reinforced Epoxy. PWHT N. Comments Adhesive taper joint.
116,600A80,ASME B31.3,-40 / 230,Incoloy 825,1/2 - 6,3.68 - 10.97,51AW,N,,600A80,3.68,10.97,Pipe line class 600A80. Design code ASME B31.3. Design temperature range -40 / 230 deg C. Material Incoloy 825. Diameter 1/2 - 6 in. Thickness range 3.68 - 10.97 mm. WPS number 51AW. PWHT N.
117,600A80,ASME B31.3,-40 / 230,Incoloy 825,8 -24,12.70 - 24.61,54AW,N,,600A80,12.7,24.61,Pipe line class 600A80. Design code ASME B31.3. Design temperature range -40 / 230 deg C. Material Incoloy 825. Diameter 8 -24 in. Thickness range 12.70 - 24.61 mm. WPS number 54AW. PWHT N.
118,600A80,ASME B31.3,-40 / 230,Incoloy 825,30 - 36,29.00 - 31.00,Contact MI Engineer,N,,600A80,29,31,Pipe line class 600A80. Design code ASME B31.3. Design temperature range -40 / 230 deg C. Material Incoloy 825. Diameter 30 - 36 in. Thickness range 29.00 - 31.00 mm. WPS number Contact MI Engineer. PWHT N.
119,600A80,ASME B31.3,-40 / 230,316/316L SS,30,38,14AW,N,,600A80,38,38,Pipe line class 600A80. Design code ASME B31.3. Design temperature range -40 / 230 deg C. Material 316/316L SS. Diameter 30 in. Thickness range 38 mm. WPS number 14AW. PWHT N.
120,600C80,ASME B31.3,-40 / 200,Incoloy 825,1/2-3 Solid,3.68 - 5.56,51AW,N,,600C80,3.68,5.56,Pipe line class 600C80. Design code ASME B31.3. Design temperature range -40 / 200 deg C. Material Incoloy 825. Diameter 1/2-3 Solid in. Thickness range 3.68 - 5.56 mm. WPS number 51AW. PWHT N.
121,600C80,ASME B31.3,-40 / 200,LTCS + 3 mm 625 internal cladding,4 - 10,8.56 - 15.09,81AW,N see Note (7),,600C80,8.56,15.09,Pipe line class 600C80. Design code ASME B31.3. Design temperature range -40 / 200 deg C. Material LTCS + 3 mm 625 internal cladding. Diameter 4 - 10 in. Thickness range 8.56 - 15.09 mm. WPS number 81AW. PWHT N see Note (7).
122,600C80,ASME B31.3,-40 / 200,LTCS + 3 mm 625 internal cladding,16,21.44,Contact MI Engineer,Y,,600C80,21.44,21.44,Pipe line class 600C80. Design code ASME B31.3. Design temperature range -40 / 200 deg C. Material LTCS + 3 mm 625 internal cladding. Diameter 16 in. Thickness range 21.44 mm. WPS number Contact MI Engineer. PWHT Y.
123,600C80,ASME B31.3,-40 / 200,LTCS + 3 mm 825 internal cladding,4 - 10,8.56 - 15.09,Contact MI Engineer,N see Note (7),,600C80,8.56,15.09,Pipe line class 600C80. Design code ASME B31.3. Design temperature range -40 / 200 deg C. Material LTCS + 3 mm 825 internal cladding. Diameter 4 - 10 in. Thickness range 8.56 - 15.09 mm. WPS number Contact MI Engineer. PWHT N see Note (7).
124,600C80,ASME B31.3,-40 / 200,LTCS + 3 mm 825 internal cladding,16,21.44,Contact MI Engineer,Y,,600C80,21.44,21.44,Pipe line class 600C80. Design code ASME B31.3. Design temperature range -40 / 200 deg C. Material LTCS + 3 mm 825 internal cladding. Diameter 16 in. Thickness range 21.44 mm. WPS number Contact MI Engineer. PWHT Y.
125,600C80,ASME B31.3,-40 / 200,LTCS + 3 mm 825/625 internal cladding,18-30,23.88 - 35.00,Contact MI Engineer,Y,,600C80,23.88,35,Pipe line class 600C80. Design code ASME B31.3. Design temperature range -40 / 200 deg C. Material LTCS + 3 mm 825/625 internal cladding. Diameter 18-30 in. Thickness range 23.88 - 35.00 mm. WPS number Contact MI Engineer. PWHT Y.
126,600H21,ASME B31.3,-40 / 343,LTCS NACE,1/2 - 3,3.73 - 7.82,"20AW, for SW see Note (2)",N,"SW only for legacy lines < 2""",600H21,3.73,7.82,"Pipe line class 600H21. Design code ASME B31.3. Design temperature range -40 / 343 deg C. Material LTCS NACE. Diameter 1/2 - 3 in. Thickness range 3.73 - 7.82 mm. WPS number 20AW, for SW see Note (2). PWHT N. Comments SW only for legacy lines < 2""."
127,600H21,ASME B31.3,-40 / 343,LTCS NACE,4 - 10,8.56 - 15.09,21AW,N,,600H21,8.56,15.09,Pipe line class 600H21. Design code ASME B31.3. Design temperature range -40 / 343 deg C. Material LTCS NACE. Diameter 4 - 10 in. Thickness range 8.56 - 15.09 mm. WPS number 21AW. PWHT N.
128,600H25,ASME B31.3,-40 / 343,LTCS NACE,16 - 30,21.44 - 34.00,21PW,Y,,600H25,21.44,34,Pipe line class 600H25. Design code ASME B31.3. Design temperature range -40 / 343 deg C. Material LTCS NACE. Diameter 16 - 30 in. Thickness range 21.44 - 34.00 mm. WPS number 21PW. PWHT Y.
129,600H25,ASME B31.3,-40 / 343,LTCS NACE,1/2 - 3,5.56 - 7.82,20AW,N,,600H25,5.56,7.82,Pipe line class 600H25. Design code ASME B31.3. Design temperature range -40 / 343 deg C. Material LTCS NACE. Diameter 1/2 - 3 in. Thickness range 5.56 - 7.82 mm. WPS number 20AW. PWHT N.
130,600H25,ASME B31.3,-40 / 343,LTCS NACE,8 - 10,12.70 - 15.09,21AW,N,,600H25,12.7,15.09,Pipe line class 600H25. Design code ASME B31.3. Design temperature range -40 / 343 deg C. Material LTCS NACE. Diameter 8 - 10 in. Thickness range 12.70 - 15.09 mm. WPS number 21AW. PWHT N.
131,600H25,ASME B31.3,-40 / 343,LTCS NACE,16 - 24,21.44 - 30.96,21PW,Y,,600H25,21.44,30.96,Pipe line class 600H25. Design code ASME B31.3. Design temperature range -40 / 343 deg C. Material LTCS NACE. Diameter 16 - 24 in. Thickness range 21.44 - 30.96 mm. WPS number 21PW. PWHT Y.
132,600H2G,ASME B31.3,-40 / 38,LTCS Galv/Scrd,≤ 2,5.56 - 8.74,,,Threaded connections,600H2G,5.56,8.74,Pipe line class 600H2G. Design code ASME B31.3. Design temperature range -40 / 38 deg C. Material LTCS Galv/Scrd. Diameter ≤ 2 in. Thickness range 5.56 - 8.74 mm. Comments Threaded connections.
133,600H2G,ASME B31.3,-40 / 38,LTCS Galv/Scrd,> 2,11.13,"20AW/21AW, Note (3)",N,,600H2G,11.13,11.13,"Pipe line class 600H2G. Design code ASME B31.3. Design temperature range -40 / 38 deg C. Material LTCS Galv/Scrd. Diameter > 2 in. Thickness range 11.13 mm. WPS number 20AW/21AW, Note (3). PWHT N."
134,600H5M,ASME B31.8,-40 / 75,LTCS NACE - SMYS≤ 42 ksi (290 Mpa),3/4 - 3,3.91 - 5.54,"F-001AW, Note (6)",N,,600H5M,3.91,5.54,"Pipe line class 600H5M. Design code ASME B31.8. Design temperature range -40 / 75 deg C. Material LTCS NACE - SMYS≤ 42 ksi (290 Mpa). Diameter 3/4 - 3 in. Thickness range 3.91 - 5.54 mm. WPS number F-001AW, Note (6). PWHT N."
135,600H5M,ASME B31.8,-40 / 75,LTCS  - API 5L X60 (SMLS),4 - 8,6.02 - 7.11,"F-002AW, Note (6)",N,,600H5M,6.02,7.11,"Pipe line class 600H5M. Design code ASME B31.8. Design temperature range -40 / 75 deg C. Material LTCS  - API 5L X60 (SMLS). Diameter 4 - 8 in. Thickness range 6.02 - 7.11 mm. WPS number F-002AW, Note (6). PWHT N."
136,600H5P (AG),ASME B31.8,-40 / 100,LTCS - SMYS≤ 42 ksi (290 Mpa),1/2 - 3,3.91 - 7.82,"F-001AW, Note (6)",N,For above ground welds only,600H5PAG,3.91,7.82,"Pipe line class 600H5P (AG). Design code ASME B31.8. Design temperature range -40 / 100 deg C. Material LTCS - SMYS≤ 42 ksi (290 Mpa). Diameter 1/2 - 3 in. Thickness range 3.91 - 7.82 mm. WPS number F-001AW, Note (6). PWHT N. Comments For above ground welds only."
137,600H5P (AG),ASME B31.8,-40 / 100,LTCS - API 5L X60 (SMLS),4 - 12,6.02 - 11.13,"F-002AW, Note (6)",N,For above ground welds only,600H5PAG,6.02,11.13,"Pipe line class 600H5P (AG). Design code ASME B31.8. Design temperature range -40 / 100 deg C. Material LTCS - API 5L X60 (SMLS). Diameter 4 - 12 in. Thickness range 6.02 - 11.13 mm. WPS number F-002AW, Note (6). PWHT N. Comments For above ground welds only."
138,600H5P (AG),ASME B31.8,-40 / 100,LTCS - API 5L X60 (SMLS),> 12 - 18,11.13 - 11.13,"F-017AW, Note (6)",N,For above ground welds only,600H5PAG,11.13,11.13,"Pipe line class 600H5P (AG). Design code ASME B31.8. Design temperature range -40 / 100 deg C. Material LTCS - API 5L X60 (SMLS). Diameter > 12 - 18 in. Thickness range 11.13 - 11.13 mm. WPS number F-017AW, Note (6). PWHT N. Comments For above ground welds only."
139,600H5P (AG),ASME B31.8,-40 / 100,LTCS - API 5L X60 (SMLS),≥ 24,14.27 - 15.88,"F-017PW, Note (6)",Y,For above ground welds only,600H5PAG,14.27,15.88,"Pipe line class 600H5P (AG). Design code ASME B31.8. Design temperature range -40 / 100 deg C. Material LTCS - API 5L X60 (SMLS). Diameter ≥ 24 in. Thickness range 14.27 - 15.88 mm. WPS number F-017PW, Note (6). PWHT Y. Comments For above ground welds only."
140,600H5P (UG),ASME B31.8,-40 / 100,LTCS - API 5L X60 (SMLS),4 - 12,6.02 - 11.13,"F-002AW, Note (6)",N,For below ground pipeline welds only,600H5PUG,6.02,11.13,"Pipe line class 600H5P (UG). Design code ASME B31.8. Design temperature range -40 / 100 deg C. Material LTCS - API 5L X60 (SMLS). Diameter 4 - 12 in. Thickness range 6.02 - 11.13 mm. WPS number F-002AW, Note (6). PWHT N. Comments For below ground pipeline welds only."
141,600H5P (UG),ASME B31.8,-40 / 100,LTCS - API 5L X60 (SMLS),≥ 24,14.27 - 14.27,"F-017PW, Note (6)",Y,For below ground pipeline welds only,600H5PUG,14.27,14.27,"Pipe line class 600H5P (UG). Design code ASME B31.8. Design temperature range -40 / 100 deg C. Material LTCS - API 5L X60 (SMLS). Diameter ≥ 24 in. Thickness range 14.27 - 14.27 mm. WPS number F-017PW, Note (6). PWHT Y. Comments For below ground pipeline welds only."
142,600K21,ASME B31.3,-40 / 260,LTCS NACE,1/2 - 3,4.78 - 7.82,"20PW, for SW see Note (2)",Y,"SW only for legacy lines < 2""",600K21,4.78,7.82,"Pipe line class 600K21. Design code ASME B31.3. Design temperature range -40 / 260 deg C. Material LTCS NACE. Diameter 1/2 - 3 in. Thickness range 4.78 - 7.82 mm. WPS number 20PW, for SW see Note (2). PWHT Y. Comments SW only for legacy lines < 2""."
143,600K21,ASME B31.3,-40 / 260,LTCS NACE,> 3,12.7 - 48.00,21PW,Y,"SW only for legacy lines < 2""",600K21,12.7,48,"Pipe line class 600K21. Design code ASME B31.3. Design temperature range -40 / 260 deg C. Material LTCS NACE. Diameter > 3 in. Thickness range 12.7 - 48.00 mm. WPS number 21PW. PWHT Y. Comments SW only for legacy lines < 2""."
144,600K5D (AG),ASME B31.8,-40 / 90,LTCS NACE - SMYS≤ 42 ksi (290 Mpa),3/4 - 3,3.91 - 5.54,"F-001PW, Note (6)",Y,For above ground welds only,600K5DAG,3.91,5.54,"Pipe line class 600K5D (AG). Design code ASME B31.8. Design temperature range -40 / 90 deg C. Material LTCS NACE - SMYS≤ 42 ksi (290 Mpa). Diameter 3/4 - 3 in. Thickness range 3.91 - 5.54 mm. WPS number F-001PW, Note (6). PWHT Y. Comments For above ground welds only."
145,600K5D (AG),ASME B31.8,-40 / 90,LTCS NACE - API X60 (SMLS),4 - 12,5.16 - 8.38,"F-002PW, Note (6)",Y,For above ground welds only,600K5DAG,5.16,8.38,"Pipe line class 600K5D (AG). Design code ASME B31.8. Design temperature range -40 / 90 deg C. Material LTCS NACE - API X60 (SMLS). Diameter 4 - 12 in. Thickness range 5.16 - 8.38 mm. WPS number F-002PW, Note (6). PWHT Y. Comments For above ground welds only."
146,600K5D (AG),ASME B31.8,-40 / 90,LTCS NACE - API X60 (SMLS),> 12,8.74 - 12.7,"F-017PW, Note (6)",Y,For above ground welds only,600K5DAG,8.74,12.7,"Pipe line class 600K5D (AG). Design code ASME B31.8. Design temperature range -40 / 90 deg C. Material LTCS NACE - API X60 (SMLS). Diameter > 12 in. Thickness range 8.74 - 12.7 mm. WPS number F-017PW, Note (6). PWHT Y. Comments For above ground welds only."
147,600K5D (AG),ASME B31.8,-40 / 90,LTCS NACE - API X60 (SAW),28,14.27,"F-003PW, F-008PW, Note (6)",Y,For above ground welds only,600K5DAG,14.27,14.27,"Pipe line class 600K5D (AG). Design code ASME B31.8. Design temperature range -40 / 90 deg C. Material LTCS NACE - API X60 (SAW). Diameter 28 in. Thickness range 14.27 mm. WPS number F-003PW, F-008PW, Note (6). PWHT Y. Comments For above ground welds only."
148,600K5D (UG),ASME B31.8,-40 / 90,LTCS NACE - SMYS≤ 42 ksi (290 Mpa),3/4 - 3,3.91 - 5.54,"F-001AW, Note (6)",N,For below ground pipeline welds only,600K5DUG,3.91,5.54,"Pipe line class 600K5D (UG). Design code ASME B31.8. Design temperature range -40 / 90 deg C. Material LTCS NACE - SMYS≤ 42 ksi (290 Mpa). Diameter 3/4 - 3 in. Thickness range 3.91 - 5.54 mm. WPS number F-001AW, Note (6). PWHT N. Comments For below ground pipeline welds only."
149,600K5D (UG),ASME B31.8,-40 / 90,LTCS NACE - API X60 (SMLS),4 - 12,5.16 - 8.38,"F-002AW, Note (6)",N,For below ground pipeline welds only,600K5DUG,5.16,8.38,"Pipe line class 600K5D (UG). Design code ASME B31.8. Design temperature range -40 / 90 deg C. Material LTCS NACE - API X60 (SMLS). Diameter 4 - 12 in. Thickness range 5.16 - 8.38 mm. WPS number F-002AW, Note (6). PWHT N. Comments For below ground pipeline welds only."
150,600K5D (UG),ASME B31.8,-40 / 90,LTCS NACE - API X60 (SMLS),> 12,8.74 - 12.7,"F-017AW, Note (6)",N,For below ground pipeline welds only,600K5DUG,8.74,12.7,"Pipe line class 600K5D (UG). Design code ASME B31.8. Design temperature range -40 / 90 deg C. Material LTCS NACE - API X60 (SMLS). Diameter > 12 in. Thickness range 8.74 - 12.7 mm. WPS number F-017AW, Note (6). PWHT N. Comments For below ground pipeline welds only."
151,600K5D (UG),ASME B31.8,-40 / 90,LTCS NACE - API X60 (SAW),28,14.27,"F-003AW, F-008AW, Note (6)",N,For below ground pipeline welds only,600K5DUG,14.27,14.27,"Pipe line class 600K5D (UG). Design code ASME B31.8. Design temperature range -40 / 90 deg C. Material LTCS NACE - API X60 (SAW). Diameter 28 in. Thickness range 14.27 mm. WPS number F-003AW, F-008AW, Note (6). PWHT N. Comments For below ground pipeline welds only."
152,600K5E (AG),ASME B31.8,-40 / 88,LTCS NACE - SMYS≤ 42 ksi (290 Mpa),1/2 - 3,5.56 - 8.74,"F-001PW, Note (6)",Y,For above ground welds only,600K5EAG,5.56,8.74,"Pipe line class 600K5E (AG). Design code ASME B31.8. Design temperature range -40 / 88 deg C. Material LTCS NACE - SMYS≤ 42 ksi (290 Mpa). Diameter 1/2 - 3 in. Thickness range 5.56 - 8.74 mm. WPS number F-001PW, Note (6). PWHT Y. Comments For above ground welds only."
153,600K5E (AG),ASME B31.8,-40 / 88,LTCS NACE - API X60 (SMLS),4 - 12,6.35 - 11.13,"F-002PW, Note (6)",Y,For above ground welds only,600K5EAG,6.35,11.13,"Pipe line class 600K5E (AG). Design code ASME B31.8. Design temperature range -40 / 88 deg C. Material LTCS NACE - API X60 (SMLS). Diameter 4 - 12 in. Thickness range 6.35 - 11.13 mm. WPS number F-002PW, Note (6). PWHT Y. Comments For above ground welds only."
154,600K5E (AG),ASME B31.8,-40 / 88,LTCS NACE - API X60 (SMLS),> 12,11.91 - 20.62,"F-017PW, Note (6)",Y,For above ground welds only,600K5EAG,11.91,20.62,"Pipe line class 600K5E (AG). Design code ASME B31.8. Design temperature range -40 / 88 deg C. Material LTCS NACE - API X60 (SMLS). Diameter > 12 in. Thickness range 11.91 - 20.62 mm. WPS number F-017PW, Note (6). PWHT Y. Comments For above ground welds only."
155,600K5E (UG),ASME B31.8,-40 / 88,LTCS NACE - API X60 (SMLS),4 - 12,6.35 - 11.13,"F-002AW, Note (6)",N,"For below ground pipeline welds only. UG, NPS 26” (3GI Feed Gas) with PWHT",600K5EUG,6.35,11.13,"Pipe line class 600K5E (UG). Design code ASME B31.8. Design temperature range -40 / 88 deg C. Material LTCS NACE - API X60 (SMLS). Diameter 4 - 12 in. Thickness range 6.35 - 11.13 mm. WPS number F-002AW, Note (6). PWHT N. Comments For below ground pipeline welds only. UG, NPS 26” (3GI Feed Gas) with PWHT."
156,600K5E (UG),ASME B31.8,-40 / 88,LTCS NACE - API X60 (SMLS),> 12,11.91 - 17.48,"F-017AW, Note (6)",N,"For below ground pipeline welds only. UG, NPS 26” (3GI Feed Gas) with PWHT",600K5EUG,11.91,17.48,"Pipe line class 600K5E (UG). Design code ASME B31.8. Design temperature range -40 / 88 deg C. Material LTCS NACE - API X60 (SMLS). Diameter > 12 in. Thickness range 11.91 - 17.48 mm. WPS number F-017AW, Note (6). PWHT N. Comments For below ground pipeline welds only. UG, NPS 26” (3GI Feed Gas) with PWHT."
157,600K5E (UG),ASME B31.8,-40 / 88,LTCS NACE - API X60 (SMLS),26,15.88 - 19.05,"F-017PW, Note (6)",Y,"For below ground pipeline welds only. UG, NPS 26” (3GI Feed Gas) with PWHT",600K5EUG,15.88,19.05,"Pipe line class 600K5E (UG). Design code ASME B31.8. Design temperature range -40 / 88 deg C. Material LTCS NACE - API X60 (SMLS). Diameter 26 in. Thickness range 15.88 - 19.05 mm. WPS number F-017PW, Note (6). PWHT Y. Comments For below ground pipeline welds only. UG, NPS 26” (3GI Feed Gas) with PWHT."
158,600K5F (AG),ASME B31.8,-40 / 100,LTCS NACE - SMYS≤ 42 ksi (290 Mpa),3/4 - 3,3.91 - 7.62,"F-001PW, Note (6)",Y,For above ground welds only,600K5FAG,3.91,7.62,"Pipe line class 600K5F (AG). Design code ASME B31.8. Design temperature range -40 / 100 deg C. Material LTCS NACE - SMYS≤ 42 ksi (290 Mpa). Diameter 3/4 - 3 in. Thickness range 3.91 - 7.62 mm. WPS number F-001PW, Note (6). PWHT Y. Comments For above ground welds only."
159,600K5F (AG),ASME B31.8,-40 / 100,LTCS NACE - API X60 (SMLS),4 - 12,6.02 - 10.31,"F-002PW, Note (6)",Y,For above ground welds only,600K5FAG,6.02,10.31,"Pipe line class 600K5F (AG). Design code ASME B31.8. Design temperature range -40 / 100 deg C. Material LTCS NACE - API X60 (SMLS). Diameter 4 - 12 in. Thickness range 6.02 - 10.31 mm. WPS number F-002PW, Note (6). PWHT Y. Comments For above ground welds only."
160,600K5F (AG),ASME B31.8,-40 / 100,LTCS NACE - API X60 (SMLS),> 12,10.31 - 19.05,"F-017PW, Note (6)",Y,For above ground welds only,600K5FAG,10.31,19.05,"Pipe line class 600K5F (AG). Design code ASME B31.8. Design temperature range -40 / 100 deg C. Material LTCS NACE - API X60 (SMLS). Diameter > 12 in. Thickness range 10.31 - 19.05 mm. WPS number F-017PW, Note (6). PWHT Y. Comments For above ground welds only."
161,600K5F (AG),ASME B31.8,-40 / 100,LTCS NACE - API X60 (SAW),28,19.05,"F-003PW, F-008PW, Note (6)",Y,For above ground welds only,600K5FAG,19.05,19.05,"Pipe line class 600K5F (AG). Design code ASME B31.8. Design temperature range -40 / 100 deg C. Material LTCS NACE - API X60 (SAW). Diameter 28 in. Thickness range 19.05 mm. WPS number F-003PW, F-008PW, Note (6). PWHT Y. Comments For above ground welds only."
162,600K5F (UG),ASME B31.8,-40 / 100,LTCS NACE - API X60 (SMLS),4 - 12,6.02 - 10.31,"F-002AW, Note (6)",N,For below ground pipeline welds only,600K5FUG,6.02,10.31,"Pipe line class 600K5F (UG). Design code ASME B31.8. Design temperature range -40 / 100 deg C. Material LTCS NACE - API X60 (SMLS). Diameter 4 - 12 in. Thickness range 6.02 - 10.31 mm. WPS number F-002AW, Note (6). PWHT N. Comments For below ground pipeline welds only."
163,600K5F (UG),ASME B31.8,-40 / 100,LTCS NACE - API X60 (SMLS),> 12,10.31 - 15.88,"F-017AW, Note (6)",N,For below ground pipeline welds only,600K5FUG,10.31,15.88,"Pipe line class 600K5F (UG). Design code ASME B31.8. Design temperature range -40 / 100 deg C. Material LTCS NACE - API X60 (SMLS). Diameter > 12 in. Thickness range 10.31 - 15.88 mm. WPS number F-017AW, Note (6). PWHT N. Comments For below ground pipeline welds only."
164,600K5F (UG),ASME B31.8,-40 / 100,LTCS NACE - API X60 (SMLS),24,19.05,"F-017PW, Note (6)",Y,For below ground pipeline welds only,600K5FUG,19.05,19.05,"Pipe line class 600K5F (UG). Design code ASME B31.8. Design temperature range -40 / 100 deg C. Material LTCS NACE - API X60 (SMLS). Diameter 24 in. Thickness range 19.05 mm. WPS number F-017PW, Note (6). PWHT Y. Comments For below ground pipeline welds only."
165,600K5F (UG),ASME B31.8,-40 / 100,LTCS NACE - API X60 (SAW),28,19.05,"F-003PW, F-008PW, Note (6)",Y,For below ground pipeline welds only,600K5FUG,19.05,19.05,"Pipe line class 600K5F (UG). Design code ASME B31.8. Design temperature range -40 / 100 deg C. Material LTCS NACE - API X60 (SAW). Diameter 28 in. Thickness range 19.05 mm. WPS number F-003PW, F-008PW, Note (6). PWHT Y. Comments For below ground pipeline welds only."
166,600K5G (AG),ASME B31.8,-40 / 95,Incoloy 825,3/4-3 Solid,3.91 - 7.62,51AW,N see Note (7),For above ground welds only,600K5GAG,3.91,7.62,Pipe line class 600K5G (AG). Design code ASME B31.8. Design temperature range -40 / 95 deg C. Material Incoloy 825. Diameter 3/4-3 Solid in. Thickness range 3.91 - 7.62 mm. WPS number 51AW. PWHT N see Note (7). Comments For above ground welds only.
167,600K5G (AG),ASME B31.8,-40 / 95,LTCS  - API 5L X60 (SMLS) + 3 mm  825 internal cladding,6-16,7.11 - 12.70,Contact MI Engineer,N see Note (7),For above ground welds only,600K5GAG,7.11,12.7,Pipe line class 600K5G (AG). Design code ASME B31.8. Design temperature range -40 / 95 deg C. Material LTCS  - API 5L X60 (SMLS) + 3 mm  825 internal cladding. Diameter 6-16 in. Thickness range 7.11 - 12.70 mm. WPS number Contact MI Engineer. PWHT N see Note (7). Comments For above ground welds only.
168,600K5G (UG),ASME B31.8,-40 / 95,Incoloy 825,3/4-3 Solid,3.91 - 7.62,51AW,N see Note (7),For below ground pipeline welds only,600K5GUG,3.91,7.62,Pipe line class 600K5G (UG). Design code ASME B31.8. Design temperature range -40 / 95 deg C. Material Incoloy 825. Diameter 3/4-3 Solid in. Thickness range 3.91 - 7.62 mm. WPS number 51AW. PWHT N see Note (7). Comments For below ground pipeline welds only.
169,600K5G (UG),ASME B31.8,-40 / 95,LTCS  - API 5L X60 (SMLS) + 3 mm  825 internal cladding,6-16,7.11 - 12.70,Contact MI Engineer,N see Note (7),For below ground pipeline welds only,600K5GUG,7.11,12.7,Pipe line class 600K5G (UG). Design code ASME B31.8. Design temperature range -40 / 95 deg C. Material LTCS  - API 5L X60 (SMLS) + 3 mm  825 internal cladding. Diameter 6-16 in. Thickness range 7.11 - 12.70 mm. WPS number Contact MI Engineer. PWHT N see Note (7). Comments For below ground pipeline welds only.
170,600K5H (AG),ASME B31.8,-40 / 95,LTCS NACE - SMYS≤ 42 ksi (290 Mpa),1/2 - 3,5.56 - 8.74,"F-001PW, Note (6)",Y,For above ground welds only,600K5HAG,5.56,8.74,"Pipe line class 600K5H (AG). Design code ASME B31.8. Design temperature range -40 / 95 deg C. Material LTCS NACE - SMYS≤ 42 ksi (290 Mpa). Diameter 1/2 - 3 in. Thickness range 5.56 - 8.74 mm. WPS number F-001PW, Note (6). PWHT Y. Comments For above ground welds only."
171,600K5H (AG),ASME B31.8,-40 / 95,LTCS NACE - API X60 (SMLS),4 - 12,6.35 - 18.26,"F-002PW, Note (6)",Y,For above ground welds only,600K5HAG,6.35,18.26,"Pipe line class 600K5H (AG). Design code ASME B31.8. Design temperature range -40 / 95 deg C. Material LTCS NACE - API X60 (SMLS). Diameter 4 - 12 in. Thickness range 6.35 - 18.26 mm. WPS number F-002PW, Note (6). PWHT Y. Comments For above ground welds only."
172,600K5H (AG),ASME B31.8,-40 / 95,LTCS NACE - API X60 (SMLS),> 12,14.27 - 20.62,"F-017PW, Note (6)",Y,For above ground welds only,600K5HAG,14.27,20.62,"Pipe line class 600K5H (AG). Design code ASME B31.8. Design temperature range -40 / 95 deg C. Material LTCS NACE - API X60 (SMLS). Diameter > 12 in. Thickness range 14.27 - 20.62 mm. WPS number F-017PW, Note (6). PWHT Y. Comments For above ground welds only."
173,600K5H (UG),ASME B31.8,-40 / 95,LTCS NACE - API X60 (SMLS),4 - 12,6.35 - 12.7,"F-002AW, Note (6)",N,For below ground pipeline welds only,600K5HUG,6.35,12.7,"Pipe line class 600K5H (UG). Design code ASME B31.8. Design temperature range -40 / 95 deg C. Material LTCS NACE - API X60 (SMLS). Diameter 4 - 12 in. Thickness range 6.35 - 12.7 mm. WPS number F-002AW, Note (6). PWHT N. Comments For below ground pipeline welds only."
174,600K5H (UG),ASME B31.8,-40 / 95,LTCS NACE - API X60 (SMLS),> 12,14.27 - 17.48,"F-017AW, Note (6)",N,For below ground pipeline welds only,600K5HUG,14.27,17.48,"Pipe line class 600K5H (UG). Design code ASME B31.8. Design temperature range -40 / 95 deg C. Material LTCS NACE - API X60 (SMLS). Diameter > 12 in. Thickness range 14.27 - 17.48 mm. WPS number F-017AW, Note (6). PWHT N. Comments For below ground pipeline welds only."
175,600K5H (UG),ASME B31.8,-40 / 95,LTCS NACE - API X60 (SMLS),≥ 20,17.48 - 20.62,"F-017PW, Note (6)",Y,For below ground pipeline welds only,600K5HUG,17.48,20.62,"Pipe line class 600K5H (UG). Design code ASME B31.8. Design temperature range -40 / 95 deg C. Material LTCS NACE - API X60 (SMLS). Diameter ≥ 20 in. Thickness range 17.48 - 20.62 mm. WPS number F-017PW, Note (6). PWHT Y. Comments For below ground pipeline welds only."
176,600P21,ASME B31.3,-120 / 180,316/316L SS,1/2 - 3,3.73 - 5.56,25AW,N,"SW only for legacy lines < 2""",600P21,3.73,5.56,"Pipe line class 600P21. Design code ASME B31.3. Design temperature range -120 / 180 deg C. Material 316/316L SS. Diameter 1/2 - 3 in. Thickness range 3.73 - 5.56 mm. WPS number 25AW. PWHT N. Comments SW only for legacy lines < 2""."
177,600P21,ASME B31.3,-120 / 180,316/316L SS,> 3,12.70 - 50.0,14AW,N,"SW only for legacy lines < 2""",600P21,12.7,50,"Pipe line class 600P21. Design code ASME B31.3. Design temperature range -120 / 180 deg C. Material 316/316L SS. Diameter > 3 in. Thickness range 12.70 - 50.0 mm. WPS number 14AW. PWHT N. Comments SW only for legacy lines < 2""."
178,600P22,ASME B31.3,-46 / 350,316/316L SS,1/2 - 3,3.73 - 7.82,25AW,N,,600P22,3.73,7.82,Pipe line class 600P22. Design code ASME B31.3. Design temperature range -46 / 350 deg C. Material 316/316L SS. Diameter 1/2 - 3 in. Thickness range 3.73 - 7.82 mm. WPS number 25AW. PWHT N.
179,600P22,ASME B31.3,-46 / 350,316/316L SS,> 3,12.70 - 50.0,14AW,N,,600P22,12.7,50,Pipe line class 600P22. Design code ASME B31.3. Design temperature range -46 / 350 deg C. Material 316/316L SS. Diameter > 3 in. Thickness range 12.70 - 50.0 mm. WPS number 14AW. PWHT N.
180,900A80,ASME B31.3,-40 / 300,Incoloy 825,1/2 - 6,3.68 - 10.97,51AW,N,,900A80,3.68,10.97,Pipe line class 900A80. Design code ASME B31.3. Design temperature range -40 / 300 deg C. Material Incoloy 825. Diameter 1/2 - 6 in. Thickness range 3.68 - 10.97 mm. WPS number 51AW. PWHT N.
181,900A80,ASME B31.3,-40 / 300,Incoloy 825,8 - 24,12.70 - 24.61,54AW,N,,900A80,12.7,24.61,Pipe line class 900A80. Design code ASME B31.3. Design temperature range -40 / 300 deg C. Material Incoloy 825. Diameter 8 - 24 in. Thickness range 12.70 - 24.61 mm. WPS number 54AW. PWHT N.
182,900A80,ASME B31.3,-40 / 300,Incoloy 825,30,30,Contact MI Engineer,N,,900A80,30,30,Pipe line class 900A80. Design code ASME B31.3. Design temperature range -40 / 300 deg C. Material Incoloy 825. Diameter 30 in. Thickness range 30 mm. WPS number Contact MI Engineer. PWHT N.
183,900A80,ASME B31.3,-40 / 300,316/316L SS,2 - 4,5.54 - 11.13,25AW/14AW,N,,900A80,5.54,11.13,Pipe line class 900A80. Design code ASME B31.3. Design temperature range -40 / 300 deg C. Material 316/316L SS. Diameter 2 - 4 in. Thickness range 5.54 - 11.13 mm. WPS number 25AW/14AW. PWHT N.
184,900A80,ASME B31.3,-40 / 300,316/316L SS,24,46.02,14AW,N,,900A80,46.02,46.02,Pipe line class 900A80. Design code ASME B31.3. Design temperature range -40 / 300 deg C. Material 316/316L SS. Diameter 24 in. Thickness range 46.02 mm. WPS number 14AW. PWHT N.
185,900C80,ASME B31.3,-40 / 220,Incoloy 825,3/4-3 Solid,3.91 - 7.62,51AW,N,,900C80,3.91,7.62,Pipe line class 900C80. Design code ASME B31.3. Design temperature range -40 / 220 deg C. Material Incoloy 825. Diameter 3/4-3 Solid in. Thickness range 3.91 - 7.62 mm. WPS number 51AW. PWHT N.
186,900C80,ASME B31.3,-40 / 220,LTCS + 3 mm 625 internal cladding,4 - 8,11.13 - 15.09,81AW,N see Note (7),,900C80,11.13,15.09,Pipe line class 900C80. Design code ASME B31.3. Design temperature range -40 / 220 deg C. Material LTCS + 3 mm 625 internal cladding. Diameter 4 - 8 in. Thickness range 11.13 - 15.09 mm. WPS number 81AW. PWHT N see Note (7).
187,900C80,ASME B31.3,-40 / 220,LTCS + 3 mm 625 internal cladding,16,26.19,Contact MI Engineer,Y,,900C80,26.19,26.19,Pipe line class 900C80. Design code ASME B31.3. Design temperature range -40 / 220 deg C. Material LTCS + 3 mm 625 internal cladding. Diameter 16 in. Thickness range 26.19 mm. WPS number Contact MI Engineer. PWHT Y.
188,900C80,ASME B31.3,-40 / 220,LTCS + 3 mm 825/625 internal cladding,18-36,29.36 - 57.00,Contact MI Engineer,Y,,900C80,29.36,57,Pipe line class 900C80. Design code ASME B31.3. Design temperature range -40 / 220 deg C. Material LTCS + 3 mm 825/625 internal cladding. Diameter 18-36 in. Thickness range 29.36 - 57.00 mm. WPS number Contact MI Engineer. PWHT Y.
189,900H21,ASME B31.3,-40 / 410,LTCS NACE,3/4 - 3,3.91 - 7.82,"20AW, for SW see Note (2)",N,"SW only for legacy lines < 2""",900H21,3.91,7.82,"Pipe line class 900H21. Design code ASME B31.3. Design temperature range -40 / 410 deg C. Material LTCS NACE. Diameter 3/4 - 3 in. Thickness range 3.91 - 7.82 mm. WPS number 20AW, for SW see Note (2). PWHT N. Comments SW only for legacy lines < 2""."
190,900H21,ASME B31.3,-40 / 410,LTCS NACE,4 - 4,11.13 - 11.13,21AW,N,,900H21,11.13,11.13,Pipe line class 900H21. Design code ASME B31.3. Design temperature range -40 / 410 deg C. Material LTCS NACE. Diameter 4 - 4 in. Thickness range 11.13 - 11.13 mm. WPS number 21AW. PWHT N.
191,900H21,ASME B31.3,-40 / 410,LTCS NACE,16 - 30,30.96 - 49.00,21PW,Y,,900H21,30.96,49,Pipe line class 900H21. Design code ASME B31.3. Design temperature range -40 / 410 deg C. Material LTCS NACE. Diameter 16 - 30 in. Thickness range 30.96 - 49.00 mm. WPS number 21PW. PWHT Y.
192,900H25,ASME B31.3,-40 / 410,LTCS NACE,3/4 - 3,5.56 - 11.13,20AW,N,,900H25,5.56,11.13,Pipe line class 900H25. Design code ASME B31.3. Design temperature range -40 / 410 deg C. Material LTCS NACE. Diameter 3/4 - 3 in. Thickness range 5.56 - 11.13 mm. WPS number 20AW. PWHT N.
193,900H25,ASME B31.3,-40 / 410,LTCS NACE,4 - 4,11.13 - 11.13,21AW,N,,900H25,11.13,11.13,Pipe line class 900H25. Design code ASME B31.3. Design temperature range -40 / 410 deg C. Material LTCS NACE. Diameter 4 - 4 in. Thickness range 11.13 - 11.13 mm. WPS number 21AW. PWHT N.
194,900H25,ASME B31.3,-40 / 410,LTCS NACE,16 - 24,30.96 - 52.37,21PW,Y,,900H25,30.96,52.37,Pipe line class 900H25. Design code ASME B31.3. Design temperature range -40 / 410 deg C. Material LTCS NACE. Diameter 16 - 24 in. Thickness range 30.96 - 52.37 mm. WPS number 21PW. PWHT Y.
195,900H5H (AG),ASME B31.8,-40 / 80,LTCS - SMYS≤ 42 ksi (290 Mpa),1/2 - 3,5.56 - 11.13,"F-001AW, Note (6)",N,For above ground welds only,900H5HAG,5.56,11.13,"Pipe line class 900H5H (AG). Design code ASME B31.8. Design temperature range -40 / 80 deg C. Material LTCS - SMYS≤ 42 ksi (290 Mpa). Diameter 1/2 - 3 in. Thickness range 5.56 - 11.13 mm. WPS number F-001AW, Note (6). PWHT N. Comments For above ground welds only."
196,900H5H (AG),ASME B31.8,-40 / 80,LTCS - API X60 (SMLS),4 - 6,6.02 - 7.11,"F-002AW, Note (6)",N,For above ground welds only,900H5HAG,6.02,7.11,"Pipe line class 900H5H (AG). Design code ASME B31.8. Design temperature range -40 / 80 deg C. Material LTCS - API X60 (SMLS). Diameter 4 - 6 in. Thickness range 6.02 - 7.11 mm. WPS number F-002AW, Note (6). PWHT N. Comments For above ground welds only."
197,900H5H (UG),ASME B31.8,-40 / 80,LTCS - API X52 (SMLS),2,6,"F-001AW, Note (6)",N,For below ground pipeline welds only,900H5HUG,6,6,"Pipe line class 900H5H (UG). Design code ASME B31.8. Design temperature range -40 / 80 deg C. Material LTCS - API X52 (SMLS). Diameter 2 in. Thickness range 6 mm. WPS number F-001AW, Note (6). PWHT N. Comments For below ground pipeline welds only."
198,900H5H (UG),ASME B31.8,-40 / 80,LTCS - API X60 (SMLS),4 - 6,6.02 - 6.35,"F-002AW, Note (6)",N,For below ground pipeline welds only,900H5HUG,6.02,6.35,"Pipe line class 900H5H (UG). Design code ASME B31.8. Design temperature range -40 / 80 deg C. Material LTCS - API X60 (SMLS). Diameter 4 - 6 in. Thickness range 6.02 - 6.35 mm. WPS number F-002AW, Note (6). PWHT N. Comments For below ground pipeline welds only."
199,900K21,ASME B31.3,-40 / 260,LTCS NACE,1/2 - 3,4.78 - 11.13,20PW,Y,,900K21,4.78,11.13,Pipe line class 900K21. Design code ASME B31.3. Design temperature range -40 / 260 deg C. Material LTCS NACE. Diameter 1/2 - 3 in. Thickness range 4.78 - 11.13 mm. WPS number 20PW. PWHT Y.
200,900K21,ASME B31.3,-40 / 260,LTCS NACE,> 3,11.13 - 59.0,21PW,Y,,900K21,11.13,59,Pipe line class 900K21. Design code ASME B31.3. Design temperature range -40 / 260 deg C. Material LTCS NACE. Diameter > 3 in. Thickness range 11.13 - 59.0 mm. WPS number 21PW. PWHT Y.
201,900K23,ASME B31.3,-46 / 200,LTCS NACE,1 - 3,9.09 - 11.07,20PW,Y,,900K23,9.09,11.07,Pipe line class 900K23. Design code ASME B31.3. Design temperature range -46 / 200 deg C. Material LTCS NACE. Diameter 1 - 3 in. Thickness range 9.09 - 11.07 mm. WPS number 20PW. PWHT Y.
202,900K23,ASME B31.3,-46 / 200,LTCS NACE,> 3,17.12 - 36.53,21PW,Y,,900K23,17.12,36.53,Pipe line class 900K23. Design code ASME B31.3. Design temperature range -46 / 200 deg C. Material LTCS NACE. Diameter > 3 in. Thickness range 17.12 - 36.53 mm. WPS number 21PW. PWHT Y.
203,900K5B (AG),ASME B31.8,-40 / 90,LTCS NACE - SMYS≤ 42 ksi (290 Mpa),3/4 - 3,5.56 - 11.13,"F-001PW, Note (6)",Y,For above ground welds only,900K5BAG,5.56,11.13,"Pipe line class 900K5B (AG). Design code ASME B31.8. Design temperature range -40 / 90 deg C. Material LTCS NACE - SMYS≤ 42 ksi (290 Mpa). Diameter 3/4 - 3 in. Thickness range 5.56 - 11.13 mm. WPS number F-001PW, Note (6). PWHT Y. Comments For above ground welds only."
204,900K5B (AG),ASME B31.8,-40 / 90,LTCS NACE - API X60 (SMLS),4 - 12,8.56 - 15.88,"F-002PW, Note (6)",Y,For above ground welds only,900K5BAG,8.56,15.88,"Pipe line class 900K5B (AG). Design code ASME B31.8. Design temperature range -40 / 90 deg C. Material LTCS NACE - API X60 (SMLS). Diameter 4 - 12 in. Thickness range 8.56 - 15.88 mm. WPS number F-002PW, Note (6). PWHT Y. Comments For above ground welds only."
205,900K5B (AG),ASME B31.8,-40 / 90,LTCS NACE - API X60 (SMLS),> 12,19.05 - 19.05,"F-017PW, Note (6)",Y,For above ground welds only,900K5BAG,19.05,19.05,"Pipe line class 900K5B (AG). Design code ASME B31.8. Design temperature range -40 / 90 deg C. Material LTCS NACE - API X60 (SMLS). Diameter > 12 in. Thickness range 19.05 - 19.05 mm. WPS number F-017PW, Note (6). PWHT Y. Comments For above ground welds only."
206,900K5B (UG),ASME B31.8,-40 / 90,LTCS NACE - API X60 (SMLS),≥ 6,7.92 - 7.92,"F-002AW, Note (6)",N,For below ground pipeline welds only,900K5BUG,7.92,7.92,"Pipe line class 900K5B (UG). Design code ASME B31.8. Design temperature range -40 / 90 deg C. Material LTCS NACE - API X60 (SMLS). Diameter ≥ 6 in. Thickness range 7.92 - 7.92 mm. WPS number F-002AW, Note (6). PWHT N. Comments For below ground pipeline welds only."
207,900K5C (AG),ASME B31.8,-40 / 90,LTCS NACE - API X60 (SMLS),6 - 8,9.53 - 10.31,"F-002PW, Note (6)",Y,For above ground welds only,900K5CAG,9.53,10.31,"Pipe line class 900K5C (AG). Design code ASME B31.8. Design temperature range -40 / 90 deg C. Material LTCS NACE - API X60 (SMLS). Diameter 6 - 8 in. Thickness range 9.53 - 10.31 mm. WPS number F-002PW, Note (6). PWHT Y. Comments For above ground welds only."
208,900K5C (UG),ASME B31.8,-40 / 90,LTCS NACE - API X60 (SMLS),6 - 8,8.74 - 9.53,"F-002AW, Note (6)",N,For below ground pipeline welds only,900K5CUG,8.74,9.53,"Pipe line class 900K5C (UG). Design code ASME B31.8. Design temperature range -40 / 90 deg C. Material LTCS NACE - API X60 (SMLS). Diameter 6 - 8 in. Thickness range 8.74 - 9.53 mm. WPS number F-002AW, Note (6). PWHT N. Comments For below ground pipeline welds only."
209,900K5D (AG),ASME B31.8,-40 / 90,LTCS NACE - SMYS≤ 42 ksi (290 Mpa),3/4 - 3,5.56 - 11.13,"F-001PW, Note (6)",Y,For above ground welds only,900K5DAG,5.56,11.13,"Pipe line class 900K5D (AG). Design code ASME B31.8. Design temperature range -40 / 90 deg C. Material LTCS NACE - SMYS≤ 42 ksi (290 Mpa). Diameter 3/4 - 3 in. Thickness range 5.56 - 11.13 mm. WPS number F-001PW, Note (6). PWHT Y. Comments For above ground welds only."
210,900K5D (AG),ASME B31.8,-40 / 90,LTCS NACE - API X60 (SMLS),4 - 12,8.56 - 15.88,"F-002PW, Note (6)",Y,For above ground welds only,900K5DAG,8.56,15.88,"Pipe line class 900K5D (AG). Design code ASME B31.8. Design temperature range -40 / 90 deg C. Material LTCS NACE - API X60 (SMLS). Diameter 4 - 12 in. Thickness range 8.56 - 15.88 mm. WPS number F-002PW, Note (6). PWHT Y. Comments For above ground welds only."
211,900K5D (AG),ASME B31.8,-40 / 90,LTCS NACE - API X60 (SMLS),> 12,19.05 - 19.05,"F-017PW, Note (6)",Y,For above ground welds only,900K5DAG,19.05,19.05,"Pipe line class 900K5D (AG). Design code ASME B31.8. Design temperature range -40 / 90 deg C. Material LTCS NACE - API X60 (SMLS). Diameter > 12 in. Thickness range 19.05 - 19.05 mm. WPS number F-017PW, Note (6). PWHT Y. Comments For above ground welds only."
212,900K5D (UG),ASME B31.8,-40 / 90,LTCS NACE - API X60 (SMLS),≥ 6,7.92 - 11.10,"F-002AW, Note (6)",N,For below ground pipeline welds only,900K5DUG,7.92,11.1,"Pipe line class 900K5D (UG). Design code ASME B31.8. Design temperature range -40 / 90 deg C. Material LTCS NACE - API X60 (SMLS). Diameter ≥ 6 in. Thickness range 7.92 - 11.10 mm. WPS number F-002AW, Note (6). PWHT N. Comments For below ground pipeline welds only."
213,900P21,ASME B31.3,-140 / 350,316/316L SS,1/2 - 3,3.73 - 7.62,25AW,N,"SW only for legacy lines < 2""",900P21,3.73,7.62,"Pipe line class 900P21. Design code ASME B31.3. Design temperature range -140 / 350 deg C. Material 316/316L SS. Diameter 1/2 - 3 in. Thickness range 3.73 - 7.62 mm. WPS number 25AW. PWHT N. Comments SW only for legacy lines < 2""."
214,900P21,ASME B31.3,-140 / 350,316/316L SS,> 3,11.13 - 56.00,14AW,N,,900P21,11.13,56,Pipe line class 900P21. Design code ASME B31.3. Design temperature range -140 / 350 deg C. Material 316/316L SS. Diameter > 3 in. Thickness range 11.13 - 56.00 mm. WPS number 14AW. PWHT N.
215,900P22,ASME B31.3,-40 / 350,316/316L SS,3/4 - 3,3.91 - 7.82,25AW,N,,900P22,3.91,7.82,Pipe line class 900P22. Design code ASME B31.3. Design temperature range -40 / 350 deg C. Material 316/316L SS. Diameter 3/4 - 3 in. Thickness range 3.91 - 7.82 mm. WPS number 25AW. PWHT N.
216,900P22,ASME B31.3,-40 / 350,316/316L SS,> 3,11.13 - 56.00,14AW,N,,900P22,11.13,56,Pipe line class 900P22. Design code ASME B31.3. Design temperature range -40 / 350 deg C. Material 316/316L SS. Diameter > 3 in. Thickness range 11.13 - 56.00 mm. WPS number 14AW. PWHT N.
217,1500A60,ASME B31.3,-100 / 110,Inconel 625 (NACE),3/4 - 6,3.68 - 10.97,43AW,N,,1500A60,3.68,10.97,Pipe line class 1500A60. Design code ASME B31.3. Design temperature range -100 / 110 deg C. Material Inconel 625 (NACE). Diameter 3/4 - 6 in. Thickness range 3.68 - 10.97 mm. WPS number 43AW. PWHT N.
218,1500A60,ASME B31.3,-100 / 110,Inconel 625 (NACE),> 6,12.7,42AW,N,,1500A60,12.7,12.7,Pipe line class 1500A60. Design code ASME B31.3. Design temperature range -100 / 110 deg C. Material Inconel 625 (NACE). Diameter > 6 in. Thickness range 12.7 mm. WPS number 42AW. PWHT N.
219,1500F22,ASME B31.3,-40 / 155,LTCS NACE,3/4 - 1 1/2,7.82 - 10.15,20PW,Y,,1500F22,7.82,10.15,Pipe line class 1500F22. Design code ASME B31.3. Design temperature range -40 / 155 deg C. Material LTCS NACE. Diameter 3/4 - 1 1/2 in. Thickness range 7.82 - 10.15 mm. WPS number 20PW. PWHT Y.
220,1500F22,ASME B31.3,-40 / 155,2-1/4Cr F22 Modified,≤ 4,7.00 - 10.00,HP700PW,Y,,1500F22,7,10,Pipe line class 1500F22. Design code ASME B31.3. Design temperature range -40 / 155 deg C. Material 2-1/4Cr F22 Modified. Diameter ≤ 4 in. Thickness range 7.00 - 10.00 mm. WPS number HP700PW. PWHT Y.
221,1500F22,ASME B31.3,-40 / 155,2-1/4Cr F22 Modified,6 - 8,13.00 - 16.00,Contact MI Engineer,Y,,1500F22,13,16,Pipe line class 1500F22. Design code ASME B31.3. Design temperature range -40 / 155 deg C. Material 2-1/4Cr F22 Modified. Diameter 6 - 8 in. Thickness range 13.00 - 16.00 mm. WPS number Contact MI Engineer. PWHT Y.
222,1500F22,ASME B31.3,-40 / 155,2-1/4Cr F22 Modified,10 - 12,19.00 - 22.00,Contact MI Engineer,Y,,1500F22,19,22,Pipe line class 1500F22. Design code ASME B31.3. Design temperature range -40 / 155 deg C. Material 2-1/4Cr F22 Modified. Diameter 10 - 12 in. Thickness range 19.00 - 22.00 mm. WPS number Contact MI Engineer. PWHT Y.
223,1500F22,ASME B31.3,-40 / 155,2-1/4Cr F22 Modified,> 14,24.00- 47.50,Contact MI Engineer,Y,,1500F22,24,47.5,Pipe line class 1500F22. Design code ASME B31.3. Design temperature range -40 / 155 deg C. Material 2-1/4Cr F22 Modified. Diameter > 14 in. Thickness range 24.00- 47.50 mm. WPS number Contact MI Engineer. PWHT Y.
224,1500H1,ASME B31.3,-40 / 343,LTCS NACE,3/4 - 3,5.56 - 8.74,"20AW, for SW see Note (2)",N,"SW only for legacy lines < 2""",1500H1,5.56,8.74,"Pipe line class 1500H1. Design code ASME B31.3. Design temperature range -40 / 343 deg C. Material LTCS NACE. Diameter 3/4 - 3 in. Thickness range 5.56 - 8.74 mm. WPS number 20AW, for SW see Note (2). PWHT N. Comments SW only for legacy lines < 2""."
225,1500H1,ASME B31.3,-40 / 343,LTCS NACE,4 - 4,13.49 - 13.49,21AW,N,,1500H1,13.49,13.49,Pipe line class 1500H1. Design code ASME B31.3. Design temperature range -40 / 343 deg C. Material LTCS NACE. Diameter 4 - 4 in. Thickness range 13.49 - 13.49 mm. WPS number 21AW. PWHT N.
226,1500H1,ASME B31.3,-40 / 343,LTCS NACE,≥ 6,21.95 - 34.00,21PW,Y,,1500H1,21.95,34,Pipe line class 1500H1. Design code ASME B31.3. Design temperature range -40 / 343 deg C. Material LTCS NACE. Diameter ≥ 6 in. Thickness range 21.95 - 34.00 mm. WPS number 21PW. PWHT Y.
227,1500K1,ASME B31.3,-40 / 126,LTCS NACE,3/4 - 3,7.82 - 11.07,20PW,Y,,1500K1,7.82,11.07,Pipe line class 1500K1. Design code ASME B31.3. Design temperature range -40 / 126 deg C. Material LTCS NACE. Diameter 3/4 - 3 in. Thickness range 7.82 - 11.07 mm. WPS number 20PW. PWHT Y.
228,1500K1,ASME B31.3,-40 / 126,LTCS NACE,4 - 20,17.12 - 54.00,21PW,Y,,1500K1,17.12,54,Pipe line class 1500K1. Design code ASME B31.3. Design temperature range -40 / 126 deg C. Material LTCS NACE. Diameter 4 - 20 in. Thickness range 17.12 - 54.00 mm. WPS number 21PW. PWHT Y.
229,1500P1,ASME B31.3,-50 / 200,316/316L SS,3/4 - 3,5.56 - 8.74,"25AW, for SW see Note (2)",N,"SW only for legacy lines < 2""",1500P1,5.56,8.74,"Pipe line class 1500P1. Design code ASME B31.3. Design temperature range -50 / 200 deg C. Material 316/316L SS. Diameter 3/4 - 3 in. Thickness range 5.56 - 8.74 mm. WPS number 25AW, for SW see Note (2). PWHT N. Comments SW only for legacy lines < 2""."
230,1500P1,ASME B31.3,-50 / 200,316/316L SS,> 3,17.12 - 18.26,14AW,N,,1500P1,17.12,18.26,Pipe line class 1500P1. Design code ASME B31.3. Design temperature range -50 / 200 deg C. Material 316/316L SS. Diameter > 3 in. Thickness range 17.12 - 18.26 mm. WPS number 14AW. PWHT N.
231,1500P2,ASME B31.3,-100 / 200,316/316L SS,3/4 - 3,5.56 - 8.74,25AW,N,,1500P2,5.56,8.74,Pipe line class 1500P2. Design code ASME B31.3. Design temperature range -100 / 200 deg C. Material 316/316L SS. Diameter 3/4 - 3 in. Thickness range 5.56 - 8.74 mm. WPS number 25AW. PWHT N.
232,1500P2,ASME B31.3,-100 / 200,316/316L SS,> 3,17.12 - 17.12,14AW,N,,1500P2,17.12,17.12,Pipe line class 1500P2. Design code ASME B31.3. Design temperature range -100 / 200 deg C. Material 316/316L SS. Diameter > 3 in. Thickness range 17.12 - 17.12 mm. WPS number 14AW. PWHT N.
233,2500A60,ASME B31.3,-100 / 180,Inconel 625 (NACE),3/4 - 4,3.91 - 8.56,43AW,N,,2500A60,3.91,8.56,Pipe line class 2500A60. Design code ASME B31.3. Design temperature range -100 / 180 deg C. Material Inconel 625 (NACE). Diameter 3/4 - 4 in. Thickness range 3.91 - 8.56 mm. WPS number 43AW. PWHT N.
234,2500A60,ASME B31.3,-100 / 180,Inconel 625 (NACE),≥ 4,11.13 - 14.27,42AW,N,,2500A60,11.13,14.27,Pipe line class 2500A60. Design code ASME B31.3. Design temperature range -100 / 180 deg C. Material Inconel 625 (NACE). Diameter ≥ 4 in. Thickness range 11.13 - 14.27 mm. WPS number 42AW. PWHT N.
235,2500F22,ASME B31.3,-40 / 180,LTCS NACE,3/4 - 1 1/2,7.82 - 11.00,20PW,Y,,2500F22,7.82,11,Pipe line class 2500F22. Design code ASME B31.3. Design temperature range -40 / 180 deg C. Material LTCS NACE. Diameter 3/4 - 1 1/2 in. Thickness range 7.82 - 11.00 mm. WPS number 20PW. PWHT Y.
236,2500F22,ASME B31.3,-40 / 180,2-1/4Cr F22 Modified,≤ 4,9.00 - 14.00,HP700PW,Y,,2500F22,9,14,Pipe line class 2500F22. Design code ASME B31.3. Design temperature range -40 / 180 deg C. Material 2-1/4Cr F22 Modified. Diameter ≤ 4 in. Thickness range 9.00 - 14.00 mm. WPS number HP700PW. PWHT Y.
237,2500F22,ASME B31.3,-40 / 180,2-1/4Cr F22 Modified,6 - 8,19.50 - 24.00,Contact MI Engineer,Y,,2500F22,19.5,24,Pipe line class 2500F22. Design code ASME B31.3. Design temperature range -40 / 180 deg C. Material 2-1/4Cr F22 Modified. Diameter 6 - 8 in. Thickness range 19.50 - 24.00 mm. WPS number Contact MI Engineer. PWHT Y.
238,2500F22,ASME B31.3,-40 / 180,2-1/4Cr F22 Modified,10 - 12,29.00 - 34.00,Contact MI Engineer,Y,,2500F22,29,34,Pipe line class 2500F22. Design code ASME B31.3. Design temperature range -40 / 180 deg C. Material 2-1/4Cr F22 Modified. Diameter 10 - 12 in. Thickness range 29.00 - 34.00 mm. WPS number Contact MI Engineer. PWHT Y.
239,2500F22,ASME B31.3,-40 / 180,2-1/4Cr F22 Modified,> 14,37.00 - 66.00,Contact MI Engineer,Y,,2500F22,37,66,Pipe line class 2500F22. Design code ASME B31.3. Design temperature range -40 / 180 deg C. Material 2-1/4Cr F22 Modified. Diameter > 14 in. Thickness range 37.00 - 66.00 mm. WPS number Contact MI Engineer. PWHT Y.
240,2500H1,ASME B31.3,-40 / 200,LTCS NACE,3/4 - 2,7.47 - 12.00,20AW,N,,2500H1,7.47,12,Pipe line class 2500H1. Design code ASME B31.3. Design temperature range -40 / 200 deg C. Material LTCS NACE. Diameter 3/4 - 2 in. Thickness range 7.47 - 12.00 mm. WPS number 20AW. PWHT N.
241,2500H1,ASME B31.3,-40 / 200,LTCS NACE,3 - 3,16.00 - 16.00,21AW,N,,2500H1,16,16,Pipe line class 2500H1. Design code ASME B31.3. Design temperature range -40 / 200 deg C. Material LTCS NACE. Diameter 3 - 3 in. Thickness range 16.00 - 16.00 mm. WPS number 21AW. PWHT N.
242,2500H1,ASME B31.3,-40 / 200,LTCS NACE,≥ 4,20.00 - 66.00,21PW,Y,,2500H1,20,66,Pipe line class 2500H1. Design code ASME B31.3. Design temperature range -40 / 200 deg C. Material LTCS NACE. Diameter ≥ 4 in. Thickness range 20.00 - 66.00 mm. WPS number 21PW. PWHT Y.
243,2500K1,ASME B31.3,-40 / 200,LTCS NACE,3/4 - 3,7.82 - 16.00,20PW,Y,,2500K1,7.82,16,Pipe line class 2500K1. Design code ASME B31.3. Design temperature range -40 / 200 deg C. Material LTCS NACE. Diameter 3/4 - 3 in. Thickness range 7.82 - 16.00 mm. WPS number 20PW. PWHT Y.
244,2500K1,ASME B31.3,-40 / 200,LTCS NACE,> 3,20.00 - 29.00,21PW,Y,,2500K1,20,29,Pipe line class 2500K1. Design code ASME B31.3. Design temperature range -40 / 200 deg C. Material LTCS NACE. Diameter > 3 in. Thickness range 20.00 - 29.00 mm. WPS number 21PW. PWHT Y.
245,2500P1,ASME B31 3,-40 / 120,316/316L SS,3/4 - 1 1/2,7.82 - 10.15,25AW,N,,2500P1,7.82,10.15,Pipe line class 2500P1. Design code ASME B31 3. Design temperature range -40 / 120 deg C. Material 316/316L SS. Diameter 3/4 - 1 1/2 in. Thickness range 7.82 - 10.15 mm. WPS number 25AW. PWHT N.
246,2500P1,ASME B31 3,-40 / 120,316/316L SS,≥ 2,12.70 - 22.00,14AW,N,,2500P1,12.7,22,Pipe line class 2500P1. Design code ASME B31 3. Design temperature range -40 / 120 deg C. Material 316/316L SS. Diameter ≥ 2 in. Thickness range 12.70 - 22.00 mm. WPS number 14AW. PWHT N.
247,2500P2,ASME B31.3,-135 / 120,316/316L SS (F321 Flange),3/4 - 1 1/2,7.82 - 10.15,25AW,N,,2500P2,7.82,10.15,Pipe line class 2500P2. Design code ASME B31.3. Design temperature range -135 / 120 deg C. Material 316/316L SS (F321 Flange). Diameter 3/4 - 1 1/2 in. Thickness range 7.82 - 10.15 mm. WPS number 25AW. PWHT N.
248,2500P2,ASME B31.3,-135 / 120,316/316L SS (F321 Flange),≥ 2,12.70 - 24.00,14AW,N,,2500P2,12.7,24,Pipe line class 2500P2. Design code ASME B31.3. Design temperature range -135 / 120 deg C. Material 316/316L SS (F321 Flange). Diameter ≥ 2 in. Thickness range 12.70 - 24.00 mm. WPS number 14AW. PWHT N.
249,2500P3,ASME B31.3,-135 / 120,316/316L SS (F321 Flange),3/4 - 1 1/2,7.82 - 10.15,25AW,N,,2500P3,7.82,10.15,Pipe line class 2500P3. Design code ASME B31.3. Design temperature range -135 / 120 deg C. Material 316/316L SS (F321 Flange). Diameter 3/4 - 1 1/2 in. Thickness range 7.82 - 10.15 mm. WPS number 25AW. PWHT N.
250,2500P3,ASME B31.3,-135 / 120,316/316L SS (F321 Flange),≥ 2,12.70 - 22.00,14AW,N,,2500P3,12.7,22,Pipe line class 2500P3. Design code ASME B31.3. Design temperature range -135 / 120 deg C. Material 316/316L SS (F321 Flange). Diameter ≥ 2 in. Thickness range 12.70 - 22.00 mm. WPS number 14AW. PWHT N.
251,10000A60,ASME B31.3 (Ch.IX) API 6A,-120 / 130,Inconel 625 (NACE),3/4 - 2,5.56 - 8.74,43AW,N,,10000A60,5.56,8.74,Pipe line class 10000A60. Design code ASME B31.3 (Ch.IX) API 6A. Design temperature range -120 / 130 deg C. Material Inconel 625 (NACE). Diameter 3/4 - 2 in. Thickness range 5.56 - 8.74 mm. WPS number 43AW. PWHT N.
252,10000A60,ASME B31.3 (Ch.IX) API 6A,-120 / 130,Inconel 625 (NACE),3 - 6,11.13 - 20.00,42AW,N,,10000A60,11.13,20,Pipe line class 10000A60. Design code ASME B31.3 (Ch.IX) API 6A. Design temperature range -120 / 130 deg C. Material Inconel 625 (NACE). Diameter 3 - 6 in. Thickness range 11.13 - 20.00 mm. WPS number 42AW. PWHT N.
253,10000A60,ASME B31.3 (Ch.IX) API 6A,-120 / 130,Inconel 625 (NACE),8,26,Contact MI Engineer,N,,10000A60,26,26,Pipe line class 10000A60. Design code ASME B31.3 (Ch.IX) API 6A. Design temperature range -120 / 130 deg C. Material Inconel 625 (NACE). Diameter 8 in. Thickness range 26 mm. WPS number Contact MI Engineer. PWHT N.
254,10000A60,ASME B31.3 (Ch.IX) API 6A,-120 / 130,Inconel 625 (NACE),16,47,Contact MI Engineer,N,,10000A60,47,47,Pipe line class 10000A60. Design code ASME B31.3 (Ch.IX) API 6A. Design temperature range -120 / 130 deg C. Material Inconel 625 (NACE). Diameter 16 in. Thickness range 47 mm. WPS number Contact MI Engineer. PWHT N.
255,10000F22,ASME B31.3 (Ch.IX) API 6A,-40 / 130,LTCS NACE,3/4 - 1 1/2,7.82 - 12.00,20PW,Y,,10000F22,7.82,12,Pipe line class 10000F22. Design code ASME B31.3 (Ch.IX) API 6A. Design temperature range -40 / 130 deg C. Material LTCS NACE. Diameter 3/4 - 1 1/2 in. Thickness range 7.82 - 12.00 mm. WPS number 20PW. PWHT Y.
256,10000F22,ASME B31.3 (Ch.IX) API 6A,-40 / 130,2-1/4Cr F22 Modified,≤ 4,10.50 - 17.00,HP700PW,Y,,10000F22,10.5,17,Pipe line class 10000F22. Design code ASME B31.3 (Ch.IX) API 6A. Design temperature range -40 / 130 deg C. Material 2-1/4Cr F22 Modified. Diameter ≤ 4 in. Thickness range 10.50 - 17.00 mm. WPS number HP700PW. PWHT Y.
257,10000F22,ASME B31.3 (Ch.IX) API 6A,-40 / 130,2-1/4Cr F22 Modified,6 - 8,23.50 - 29.50,Contact MI Engineer,Y,,10000F22,23.5,29.5,Pipe line class 10000F22. Design code ASME B31.3 (Ch.IX) API 6A. Design temperature range -40 / 130 deg C. Material 2-1/4Cr F22 Modified. Diameter 6 - 8 in. Thickness range 23.50 - 29.50 mm. WPS number Contact MI Engineer. PWHT Y.
258,10000F22,ASME B31.3 (Ch.IX) API 6A,-40 / 130,2-1/4Cr F22 Modified,10 - 12,36.00 - 42.00,Contact MI Engineer,Y,,10000F22,36,42,Pipe line class 10000F22. Design code ASME B31.3 (Ch.IX) API 6A. Design temperature range -40 / 130 deg C. Material 2-1/4Cr F22 Modified. Diameter 10 - 12 in. Thickness range 36.00 - 42.00 mm. WPS number Contact MI Engineer. PWHT Y.
259,10000F22,ASME B31.3 (Ch.IX) API 6A,-40 / 130,2-1/4Cr F22 Modified,> 14,46.00- 70.50,Contact MI Engineer,Y,,10000F22,46,70.5,Pipe line class 10000F22. Design code ASME B31.3 (Ch.IX) API 6A. Design temperature range -40 / 130 deg C. Material 2-1/4Cr F22 Modified. Diameter > 14 in. Thickness range 46.00- 70.50 mm. WPS number Contact MI Engineer. PWHT Y.
260,10000H5A,ASME B31.8 API 6A,-40 / 110,API 5L X60 (SMLS),2 - 3,11.07 - 17.48,F-002PW,Y,,10000H5A,11.07,17.48,Pipe line class 10000H5A. Design code ASME B31.8 API 6A. Design temperature range -40 / 110 deg C. Material API 5L X60 (SMLS). Diameter 2 - 3 in. Thickness range 11.07 - 17.48 mm. WPS number F-002PW. PWHT Y.
261,10000H5A,ASME B31.8 API 6A,-40 / 110,API 5L X60 (SMLS),4,19.510000000000002,F-002PW,Y,,10000H5A,19.51,19.51,Pipe line class 10000H5A. Design code ASME B31.8 API 6A. Design temperature range -40 / 110 deg C. Material API 5L X60 (SMLS). Diameter 4 in. Thickness range 19.51 mm. WPS number F-002PW. PWHT Y.
262,10000K5A,ASME B31.8 API 6A,-40 / 90,API 5L X60 (SMLS),2 - 3,11.07 - 17.48,F-002PW,Y,,10000K5A,11.07,17.48,Pipe line class 10000K5A. Design code ASME B31.8 API 6A. Design temperature range -40 / 90 deg C. Material API 5L X60 (SMLS). Diameter 2 - 3 in. Thickness range 11.07 - 17.48 mm. WPS number F-002PW. PWHT Y.
263,10000K5A,ASME B31.8 API 6A,-40 / 90,API 5L X60 (SMLS),4,19.510000000000002,F-002PW,Y,,10000K5A,19.51,19.51,Pipe line class 10000K5A. Design code ASME B31.8 API 6A. Design temperature range -40 / 90 deg C. Material API 5L X60 (SMLS). Diameter 4 in. Thickness range 19.51 mm. WPS number F-002PW. PWHT Y.
264,10000X1,ASME B31.3 (Ch.IX) API 6A,0 / 110,API 5L X60 (SMLS),14,55,Contact MI Engineer,Y,,10000X1,55,55,Pipe line class 10000X1. Design code ASME B31.3 (Ch.IX) API 6A. Design temperature range 0 / 110 deg C. Material API 5L X60 (SMLS). Diameter 14 in. Thickness range 55 mm. WPS number Contact MI Engineer. PWHT Y.
265,10000X22,ASME B31.8 API 6A,-40 / 110,2-1/4Cr F22 Modified,14,55,Contact MI Engineer,Y,,10000X22,55,55,Pipe line class 10000X22. Design code ASME B31.8 API 6A. Design temperature range -40 / 110 deg C. Material 2-1/4Cr F22 Modified. Diameter 14 in. Thickness range 55 mm. WPS number Contact MI Engineer. PWHT Y.
