number,line_class,design_code,design_temp_range_deg_c,material,rt_ut_nde_percent,mt_pt_nde_percent,nde_percent,ht_max_value,pmi_percent,comments,line_class_normalized,content
1,150A20,ASME B31.3,-40 / 200,Alloy 20,5 BW/SKT,5 BW/100 SKT,0,,100,,150A20,Pipe line class 150A20. Design code ASME B31.3. Design temperature range -40 / 200 deg C. Material Alloy 20. PMI 100.0.
2,150B01,,5 / 75,CS BITUM COATED,5 BW/SKT,100 SKT,0,,,,150B01,Pipe line class 150B01. Design temperature range 5 / 75 deg C. Material CS BITUM COATED.
3,150B02,,5 / 38,CS GALV BITUM COATED,,,0,,,,150B02,Pipe line class 150B02. Design temperature range 5 / 38 deg C. Material CS GALV BITUM COATED.
4,150B901,ASME B31.3,-20 / 75,Glass Reinforced Epoxy,See Note 3,See Note 3,0,,,,150B901,Pipe line class 150B901. Design code ASME B31.3. Design temperature range -20 / 75 deg C. Material Glass Reinforced Epoxy.
5,150C60,ASME B31.3,,CS+inclonel 625 CLAD (API 5LD),100 BW/5 SKT,100 BW/SKT,0,,100,SGP Flare Header,150C60,Pipe line class 150C60. Design code ASME B31.3. Material CS+inclonel 625 CLAD (API 5LD). PMI 100.0. Comments SGP Flare Header.
6,150C80,ASME B31.3,-46 / 200,Inconel 825,100 BW/5 SKT,100 SKT,0,,100,,150C80,Pipe line class 150C80. Design code ASME B31.3. Design temperature range -46 / 200 deg C. Material Inconel 825. PMI 100.0.
7,150CP2,ASME B31.3,-36 / 150,LTCS PTFE Lined,,,0,,,,150CP2,Pipe line class 150CP2. Design code ASME B31.3. Design temperature range -36 / 150 deg C. Material LTCS PTFE Lined.
8,150D01,ASME B31.3,-46 / 100,Super Duplex UNS S32760,5 BW/SKT,100 SKT,0,,100,,150D01,Pipe line class 150D01. Design code ASME B31.3. Design temperature range -46 / 100 deg C. Material Super Duplex UNS S32760. PMI 100.0.
9,150E01,,440 max,1.25 Cr - 0.5 Mo,100 BW/5 SKT,100 SKT,0,,100,,150E01,Pipe line class 150E01. Design temperature range 440 max deg C. Material 1.25 Cr - 0.5 Mo. PMI 100.0.
10,150H0G,ASME B31.3,-46 / 300,LTCS,5 BW/SKT,100 SKT,0,,,,150H0G,Pipe line class 150H0G. Design code ASME B31.3. Design temperature range -46 / 300 deg C. Material LTCS.
11,150H01 (A),ASME B31.3,-46 / 300,LTCS,5 BW/SKT,100 SKT,0,,,,150H01A,Pipe line class 150H01 (A). Design code ASME B31.3. Design temperature range -46 / 300 deg C. Material LTCS.
12,150H01 (B),ASME B31.3,-46 / 300,LTCS,100 BW/5 SKT,100 SKT,100,200HB,,,150H01B,Pipe line class 150H01 (B). Design code ASME B31.3. Design temperature range -46 / 300 deg C. Material LTCS.
13,150H03,ASME B31.3,-46 / 300,LTCS,5 BW/SKT,100 SKT,0,,,,150H03,Pipe line class 150H03. Design code ASME B31.3. Design temperature range -46 / 300 deg C. Material LTCS.
14,150H04,ASME B31.3,-46 / 300,LTCS,5 BW/SKT,100 SKT,0,,,,150H04,Pipe line class 150H04. Design code ASME B31.3. Design temperature range -46 / 300 deg C. Material LTCS.
15,150H05 (A),ASME B31.3,-46 / 65,LTCS,5 BW,0,0,,,,150H05A,Pipe line class 150H05 (A). Design code ASME B31.3. Design temperature range -46 / 65 deg C. Material LTCS.
16,150H05 (B),ASME B31.3,-46 / 65,LTCS,5 BW,0,100,200HB,,,150H05B,Pipe line class 150H05 (B). Design code ASME B31.3. Design temperature range -46 / 65 deg C. Material LTCS.
17,150H06,ASME B31.3,5 / 75,LTCS GALV,,,,,,,150H06,Pipe line class 150H06. Design code ASME B31.3. Design temperature range 5 / 75 deg C. Material LTCS GALV.
18,150H09(JACKETED SYSTEM),ASME B31.3,210 max,LTCS,5 BW/SKT,100 SKT,0,,,INSIDE PIPE,150H09JACKETEDSYSTEM,Pipe line class 150H09(JACKETED SYSTEM). Design code ASME B31.3. Design temperature range 210 max deg C. Material LTCS. Comments INSIDE PIPE.
19,150H09(JACKETED SYSTEM),ASME B31.3,210 max,LTCS,5 BW/SKT,100 SKT,0,,,JACKET PIPE,150H09JACKETEDSYSTEM,Pipe line class 150H09(JACKETED SYSTEM). Design code ASME B31.3. Design temperature range 210 max deg C. Material LTCS. Comments JACKET PIPE.
20,150H12,ASME B31.3,40 max,LTCS BITUM COAT,5 BW/SKT,100 SKT,0,,,,150H12,Pipe line class 150H12. Design code ASME B31.3. Design temperature range 40 max deg C. Material LTCS BITUM COAT.
21,150H13,ASME B31.3,230 max,LTCS,5 BW/SKT,100 SKT,0,,,,150H13,Pipe line class 150H13. Design code ASME B31.3. Design temperature range 230 max deg C. Material LTCS.
22,150H904,ASME B31.3,100 max,LTCS,5 BW/SKT,100 SKT,0,,,,150H904,Pipe line class 150H904. Design code ASME B31.3. Design temperature range 100 max deg C. Material LTCS.
23,150H21,ASME B31.3,-40 / 343,LTCS,5 BW/SKT,100 SKT,0,,,,150H21,Pipe line class 150H21. Design code ASME B31.3. Design temperature range -40 / 343 deg C. Material LTCS.
24,150H22 (A),ASME B31.3,-29 / 410,LTCS,5 BW/SKT,100 SKT,0,,,,150H22A,Pipe line class 150H22 (A). Design code ASME B31.3. Design temperature range -29 / 410 deg C. Material LTCS.
25,150H22 (B),ASME B31.3,-29 / 410,LTCS,5 BW/SKT,100 SKT,100,200HB,,,150H22B,Pipe line class 150H22 (B). Design code ASME B31.3. Design temperature range -29 / 410 deg C. Material LTCS.
26,150H23,ASME B31.3,-46 / 200,LTCS,5 BW/SKT,100 SKT,0,,,,150H23,Pipe line class 150H23. Design code ASME B31.3. Design temperature range -46 / 200 deg C. Material LTCS.
27,150H25 (A),ASME B31.3,-40 / 343,LTCS,5 BW/SKT,100 SKT,100,200HB,,,150H25A,Pipe line class 150H25 (A). Design code ASME B31.3. Design temperature range -40 / 343 deg C. Material LTCS.
28,150H25 (B),ASME B31.3,-40 / 343,LTCS,5 BW/SKT,100 SKT,0,,,,150H25B,Pipe line class 150H25 (B). Design code ASME B31.3. Design temperature range -40 / 343 deg C. Material LTCS.
29,150H26,ASME B31.3,-36 / 343,LTCS,5 BW/SKT,100 SKT,0,,,,150H26,Pipe line class 150H26. Design code ASME B31.3. Design temperature range -36 / 343 deg C. Material LTCS.
30,150H2G,ASME B31.3,-29 / 150,LTCS Galv/Scrd,5 BW/SKT,100 SKT,0,,,,150H2G,Pipe line class 150H2G. Design code ASME B31.3. Design temperature range -29 / 150 deg C. Material LTCS Galv/Scrd.
31,150H5C,ASME B31.4,-36 / 90,LTCS - SMYS≤ 42 ksi (290 Mpa),5 BW/SKT,100 SKT,0,,,,150H5C,Pipe line class 150H5C. Design code ASME B31.4. Design temperature range -36 / 90 deg C. Material LTCS - SMYS≤ 42 ksi (290 Mpa).
32,150H5H,ASME B31.8,-36 / 100,LTCS - SMYS≤ 42 ksi (290 Mpa),5 BW/SKT,100 SKT,0,,,,150H5H,Pipe line class 150H5H. Design code ASME B31.8. Design temperature range -36 / 100 deg C. Material LTCS - SMYS≤ 42 ksi (290 Mpa).
33,150H5E,ASME B31.3,-40 / 75,LTCS,100 BW/5 SKT,100 SKT,100,200HB,,,150H5E,Pipe line class 150H5E. Design code ASME B31.3. Design temperature range -40 / 75 deg C. Material LTCS.
34,150J20,ASME B31.3,-40 / 180,LTCS,5 BW/SKT,5 BW/100 SKT,0,,,,150J20,Pipe line class 150J20. Design code ASME B31.3. Design temperature range -40 / 180 deg C. Material LTCS.
35,150JK0(JACKETED SYSTEM),ASME B31.3,-29 / 180,LTCS NACE,100 BW/5 SKT,100 SKT,100,200HB,,INSIDE PIPE,150JK0JACKETEDSYSTEM,Pipe line class 150JK0(JACKETED SYSTEM). Design code ASME B31.3. Design temperature range -29 / 180 deg C. Material LTCS NACE. Comments INSIDE PIPE.
36,150JK0(JACKETED SYSTEM),ASME B31.3,-29 / 180,LTCS NACE,100 BW/5 SKT,100 SKT,0,,,JACKET PIPE,150JK0JACKETEDSYSTEM,Pipe line class 150JK0(JACKETED SYSTEM). Design code ASME B31.3. Design temperature range -29 / 180 deg C. Material LTCS NACE. Comments JACKET PIPE.
37,150K01,ASME B31.3,-46 / 400,LTCS NACE,100 BW/5 SKT,100 SKT,100,200HB,,,150K01,Pipe line class 150K01. Design code ASME B31.3. Design temperature range -46 / 400 deg C. Material LTCS NACE.
38,150K02,ASME B31.3,-46 / 200,LTCS NACE,100 BW/5 SKT,100 SKT,100,200HB,,,150K02,Pipe line class 150K02. Design code ASME B31.3. Design temperature range -46 / 200 deg C. Material LTCS NACE.
39,150K09(JACKETED SYSTEM),ASME B31.3,-36 / 210,LTCS NACE,100 BW/5 SKT,100 BW/SKT,100,200HB,,INSIDE PIPE,150K09JACKETEDSYSTEM,Pipe line class 150K09(JACKETED SYSTEM). Design code ASME B31.3. Design temperature range -36 / 210 deg C. Material LTCS NACE. Comments INSIDE PIPE.
40,150K09(JACKETED SYSTEM),ASME B31.3,-36 / 210,LTCS NACE,5 BW/SKT,100 SKT,0,,,JACKET PIPE,150K09JACKETEDSYSTEM,Pipe line class 150K09(JACKETED SYSTEM). Design code ASME B31.3. Design temperature range -36 / 210 deg C. Material LTCS NACE. Comments JACKET PIPE.
41,150K09SM(JACKETED SYSTEM),ASME B31.3,-46 / 350,LTCS,100 BW/5 SKT,100 BW/SKT,100,200HB,,INSIDE PIPE,150K09SMJACKETEDSYSTEM,Pipe line class 150K09SM(JACKETED SYSTEM). Design code ASME B31.3. Design temperature range -46 / 350 deg C. Material LTCS. Comments INSIDE PIPE.
42,150K09SM(JACKETED SYSTEM),ASME B31.3,-46 / 350,LTCS,5 BW/SKT,100 SKT,0,,,JACKET PIPE,150K09SMJACKETEDSYSTEM,Pipe line class 150K09SM(JACKETED SYSTEM). Design code ASME B31.3. Design temperature range -46 / 350 deg C. Material LTCS. Comments JACKET PIPE.
43,150K21 (A),ASME B31.3,-43 / 343,LTCS NACE,100 BW/5 SKT,100 BW/SKT,100,200HB,,,150K21A,Pipe line class 150K21 (A). Design code ASME B31.3. Design temperature range -43 / 343 deg C. Material LTCS NACE.
44,150K21 (B),ASME B31.3,-43 / 343,LTCS NACE,100 BW/5 SKT,100 BW/SKT,100,200HB,,,150K21B,Pipe line class 150K21 (B). Design code ASME B31.3. Design temperature range -43 / 343 deg C. Material LTCS NACE.
45,150K23,ASME B31.3,-46 / 200,LTCS NACE,100 BW/5 SKT,100 SKT,100,200HB,,,150K23,Pipe line class 150K23. Design code ASME B31.3. Design temperature range -46 / 200 deg C. Material LTCS NACE.
46,150K26,ASME B31.3,-36 / 343,LTCS NACE,10 BW/5 SKT,100 SKT,100,200HB,,,150K26,Pipe line class 150K26. Design code ASME B31.3. Design temperature range -36 / 343 deg C. Material LTCS NACE.
47,150K5D,ASME B31.8,-40 / 343,LTCS NACE - SMYS≤ 42 ksi (290 Mpa),100 BW/5 SKT,100 SKT,100,235HB,,,150K5D,Pipe line class 150K5D. Design code ASME B31.8. Design temperature range -40 / 343 deg C. Material LTCS NACE - SMYS≤ 42 ksi (290 Mpa).
48,150K5E,,-40 / 85,LTCS PTFE Lined,,,,,,,150K5E,Pipe line class 150K5E. Design temperature range -40 / 85 deg C. Material LTCS PTFE Lined.
49,150K5F,ASME B31.8,-40 / 100,LTCS NACE,100 BW/5 SKT,100 SKT,100,235HB,,,150K5F,Pipe line class 150K5F. Design code ASME B31.8. Design temperature range -40 / 100 deg C. Material LTCS NACE.
50,150MO6,ASME B31.3,-36 / 200,6% Moly (UNS31254),5 BW/SKT,5 BW/100 SKT,0,,100,,150MO6,Pipe line class 150MO6. Design code ASME B31.3. Design temperature range -36 / 200 deg C. Material 6% Moly (UNS31254). PMI 100.0.
51,150M40,ASME B31.3,-36 / 215,Monel 400,5 BW/SKT,100 SKT,0,,100,,150M40,Pipe line class 150M40. Design code ASME B31.3. Design temperature range -36 / 215 deg C. Material Monel 400. PMI 100.0.
52,150N01,ASME B31.3,-140 / 200,316/L SS,100 BW/5 SKT,100 SKT,0,,100,,150N01,Pipe line class 150N01. Design code ASME B31.3. Design temperature range -140 / 200 deg C. Material 316/L SS. PMI 100.0.
53,150N901,ASME B31.3,100 max,18/9 CrNi,100 BW/5 SKT,100 SKT,0,,100,,150N901,Pipe line class 150N901. Design code ASME B31.3. Design temperature range 100 max deg C. Material 18/9 CrNi. PMI 100.0.
54,150P01 (A),ASME B31.3,-46 / 230,316/L SS,5 BW/SKT,100 SKT,0,,100,,150P01A,Pipe line class 150P01 (A). Design code ASME B31.3. Design temperature range -46 / 230 deg C. Material 316/L SS. PMI 100.0.
55,150P01 (B),ASME B31.3,-46 / 230,316/L SS,100 BW/5 SKT,100 SKT,0,,100,,150P01B,Pipe line class 150P01 (B). Design code ASME B31.3. Design temperature range -46 / 230 deg C. Material 316/L SS. PMI 100.0.
56,150P02,ASME B31.3,-46 / 100,316/L SS,100 BW/5 SKT,100 SKT,0,,100,,150P02,Pipe line class 150P02. Design code ASME B31.3. Design temperature range -46 / 100 deg C. Material 316/L SS. PMI 100.0.
57,150P09 (A),ASME B31.3,-140 / 210,316/L SS,5 BW/SKT,100 SKT,0,,100,,150P09A,Pipe line class 150P09 (A). Design code ASME B31.3. Design temperature range -140 / 210 deg C. Material 316/L SS. PMI 100.0.
58,150P09 (B),ASME B31.3,-140 / 210,316/L SS,100 BW/5 SKT,100 SKT,0,,100,,150P09B,Pipe line class 150P09 (B). Design code ASME B31.3. Design temperature range -140 / 210 deg C. Material 316/L SS. PMI 100.0.
59,150P21,ASME B31.3,-140 / 535,316/L SS,5 BW/SKT,100 SKT,0,,100,,150P21,Pipe line class 150P21. Design code ASME B31.3. Design temperature range -140 / 535 deg C. Material 316/L SS. PMI 100.0.
60,150P22,ASME B31.3,-46 / 535,316/L SS,5 BW/SKT,100 SKT,0,,100,,150P22,Pipe line class 150P22. Design code ASME B31.3. Design temperature range -46 / 535 deg C. Material 316/L SS. PMI 100.0.
61,150P23,ASME B31.3,-40 / 145,316 SS,100 BW/5 SKT,100 SKT,0,,100,,150P23,Pipe line class 150P23. Design code ASME B31.3. Design temperature range -40 / 145 deg C. Material 316 SS. PMI 100.0.
62,150P24,ASME B31.3,-40 / 200,316 SS,5 BW/SKT,100 SKT,0,,100,,150P24,Pipe line class 150P24. Design code ASME B31.3. Design temperature range -40 / 200 deg C. Material 316 SS. PMI 100.0.
63,150P26,ASME B31.3,-36 / 403,316/316L SS,5 BW/SKT,100 SKT,0,,100,,150P26,Pipe line class 150P26. Design code ASME B31.3. Design temperature range -36 / 403 deg C. Material 316/316L SS. PMI 100.0.
64,150PE2,,-40 / 70,HDPE,See Note 3,0,,,,,150PE2,Pipe line class 150PE2. Design temperature range -40 / 70 deg C. Material HDPE.
65,150PE3,,-46 / 40,HDPE,See Note 3,0,,,,,150PE3,Pipe line class 150PE3. Design temperature range -46 / 40 deg C. Material HDPE.
66,150PE4,,-46 / 40,HDPE,See Note 3,0,,,,,150PE4,Pipe line class 150PE4. Design temperature range -46 / 40 deg C. Material HDPE.
67,150PE6,,-40 / 25,HDPE,See Note 3,0,,,,,150PE6,Pipe line class 150PE6. Design temperature range -40 / 25 deg C. Material HDPE.
68,150PE7,,-40 / 80,HDPE,See Note 3,0,,,,,150PE7,Pipe line class 150PE7. Design temperature range -40 / 80 deg C. Material HDPE.
69,150PE8,,-40 / 25,HDPE,See Note 3,0,,,,,150PE8,Pipe line class 150PE8. Design temperature range -40 / 25 deg C. Material HDPE.
70,150PE9,,-40 / 40,HDPE,See Note 3,0,,,,,150PE9,Pipe line class 150PE9. Design temperature range -40 / 40 deg C. Material HDPE.
71,150PE10,,-40 / 40,HDPE,See Note 3,0,,,,,150PE10,Pipe line class 150PE10. Design temperature range -40 / 40 deg C. Material HDPE.
72,150PF1,ASME B31.3,-46 / 100,316/L SS,5 BW/SKT,100 SKT,0,,100,,150PF1,Pipe line class 150PF1. Design code ASME B31.3. Design temperature range -46 / 100 deg C. Material 316/L SS. PMI 100.0.
73,150PF2,ASME B31.3,-46 / 100,PTFE lined LTCS,0,0,,,,,150PF2,Pipe line class 150PF2. Design code ASME B31.3. Design temperature range -46 / 100 deg C. Material PTFE lined LTCS.
74,150PJ1,ASME B31.3,-46 / 180,316/316L SS,5 BW/SKT,100 SKT,0,,100,,150PJ1,Pipe line class 150PJ1. Design code ASME B31.3. Design temperature range -46 / 180 deg C. Material 316/316L SS. PMI 100.0.
75,150VC01,ASME B31.3,-46 / 110,LTCS Galv,0,0,,,,,150VC01,Pipe line class 150VC01. Design code ASME B31.3. Design temperature range -46 / 110 deg C. Material LTCS Galv.
76,150VG01,ASME B31.3,-46 / 110,LTCS Galv,0,0,,,,,150VG01,Pipe line class 150VG01. Design code ASME B31.3. Design temperature range -46 / 110 deg C. Material LTCS Galv.
77,150VS01,ASME B31.3,-46 / 110,316/316L SS,0,0,,,100,,150VS01,Pipe line class 150VS01. Design code ASME B31.3. Design temperature range -46 / 110 deg C. Material 316/316L SS. PMI 100.0.
78,300C80,ASME B31.3,-46 / 230,Inconel 825,100 BW/5 SKT,100 SKT,0,,100,,300C80,Pipe line class 300C80. Design code ASME B31.3. Design temperature range -46 / 230 deg C. Material Inconel 825. PMI 100.0.
79,300H01 (A),ASME B31.3,-46 / 300,LTCS,5 BW/SKT,100 SKT,0,,,,300H01A,Pipe line class 300H01 (A). Design code ASME B31.3. Design temperature range -46 / 300 deg C. Material LTCS.
80,300H01 (B),ASME B31.3,-46 / 300,LTCS NACE,100 BW/5 SKT,100 SKT,100,200HB,,,300H01B,Pipe line class 300H01 (B). Design code ASME B31.3. Design temperature range -46 / 300 deg C. Material LTCS NACE.
81,300H02,ASME B31.3,-46 / 350,LTCS,5 BW/SKT,100 SKT,0,,,,300H02,Pipe line class 300H02. Design code ASME B31.3. Design temperature range -46 / 350 deg C. Material LTCS.
82,300H03,ASME B31.3,-46 / 350,LTCS,5 BW/SKT,100 SKT,0,,,,300H03,Pipe line class 300H03. Design code ASME B31.3. Design temperature range -46 / 350 deg C. Material LTCS.
83,300H04,ASME B31.3,-46 / 120,LTCS,5 BW/SKT,100 SKT,0,,,,300H04,Pipe line class 300H04. Design code ASME B31.3. Design temperature range -46 / 120 deg C. Material LTCS.
84,300H05,ASME B31.3,-46 / 75,LTCS,100 BW,0,100,200HB,,,300H05,Pipe line class 300H05. Design code ASME B31.3. Design temperature range -46 / 75 deg C. Material LTCS.
85,300H09(JACKETED SYSTEM),ASME B31.3,-46 / 210,LTCS NACE,100 BW/5 SKT,100 SKT,100,200HB,,INSIDE PIPE,300H09JACKETEDSYSTEM,Pipe line class 300H09(JACKETED SYSTEM). Design code ASME B31.3. Design temperature range -46 / 210 deg C. Material LTCS NACE. Comments INSIDE PIPE.
86,300H09(JACKETED SYSTEM),ASME B31.3,-46 / 210,LTCS NACE,5 BW/SKT,100 SKT,0,,,JACKET PIPE,300H09JACKETEDSYSTEM,Pipe line class 300H09(JACKETED SYSTEM). Design code ASME B31.3. Design temperature range -46 / 210 deg C. Material LTCS NACE. Comments JACKET PIPE.
87,300H21 (A),ASME B31.3,-46 / 343,LTCS,5 BW/SKT,100 SKT,100,200HB,,HT only for welds with PWHT,300H21A,Pipe line class 300H21 (A). Design code ASME B31.3. Design temperature range -46 / 343 deg C. Material LTCS. Comments HT only for welds with PWHT.
88,300H21 (B),ASME B31.3,-46 / 343,LTCS,5 BW/SKT,100 SKT,100,200HB,,,300H21B,Pipe line class 300H21 (B). Design code ASME B31.3. Design temperature range -46 / 343 deg C. Material LTCS.
89,300H22,ASME B31.3,-29 / 370,LTCS,5 BW/SKT,100 SKT,0,,,,300H22,Pipe line class 300H22. Design code ASME B31.3. Design temperature range -29 / 370 deg C. Material LTCS.
90,300H25 (A),ASME B31.3,-46 / 343,LTCS,5 BW/SKT,100 SKT,0,,,,300H25A,Pipe line class 300H25 (A). Design code ASME B31.3. Design temperature range -46 / 343 deg C. Material LTCS.
91,300H25 (B),ASME B31.3,-46 / 343,LTCS,5 BW/SKT,100 SKT,100,200HB,,,300H25B,Pipe line class 300H25 (B). Design code ASME B31.3. Design temperature range -46 / 343 deg C. Material LTCS.
92,300H2G,ASME B31.3,-29 / 150,LTCS Galv/Scrd,5 BW/SKT,100 SKT,0,,,,300H2G,Pipe line class 300H2G. Design code ASME B31.3. Design temperature range -29 / 150 deg C. Material LTCS Galv/Scrd.
93,300H5E,ASME B31.4,-36 / 90,LTCS - API 5L X60 (SAW),5 BW/SKT,100 SKT,100,235HB,,,300H5E,Pipe line class 300H5E. Design code ASME B31.4. Design temperature range -36 / 90 deg C. Material LTCS - API 5L X60 (SAW).
94,300H5F,ASME B31.3,-40 / 90,LTCS,100 BW/5 SKT,100 SKT,100,200HB,,,300H5F,Pipe line class 300H5F. Design code ASME B31.3. Design temperature range -40 / 90 deg C. Material LTCS.
95,300H5P,ASME B31.3,-40 / 80,LTCS,100 BW/5 SKT,100 SKT,100,200HB,,,300H5P,Pipe line class 300H5P. Design code ASME B31.3. Design temperature range -40 / 80 deg C. Material LTCS.
96,300K01,ASME B31.3,-46 / 300,LTCS NACE,100 BW/5 SKT,100 SKT,100,200HB,,,300K01,Pipe line class 300K01. Design code ASME B31.3. Design temperature range -46 / 300 deg C. Material LTCS NACE.
97,300K02,ASME B31.3,-46 / 300,LTCS NACE,100 BW/5 SKT,100 SKT,100,200HB,,,300K02,Pipe line class 300K02. Design code ASME B31.3. Design temperature range -46 / 300 deg C. Material LTCS NACE.
98,300K21 (A),ASME B31.3,-46 / 260,LTCS,100 BW/5 SKT,100 SKT,100,200HB,,,300K21A,Pipe line class 300K21 (A). Design code ASME B31.3. Design temperature range -46 / 260 deg C. Material LTCS.
99,300K21 (B),ASME B31.3,-46 / 260,LTCS,100 BW/5 SKT,100 SKT,100,200HB,,HT only for welds with PWHT,300K21B,Pipe line class 300K21 (B). Design code ASME B31.3. Design temperature range -46 / 260 deg C. Material LTCS. Comments HT only for welds with PWHT.
100,300K5A (AG) & (UG),ASME B31.8,-40 / 88,LTCS  - API 5L X60 (SMLS),100 BW/5 SKT,100 SKT,100,235HB,,,300K5AAGUG,Pipe line class 300K5A (AG) & (UG). Design code ASME B31.8. Design temperature range -40 / 88 deg C. Material LTCS  - API 5L X60 (SMLS).
101,300K5D,ASME B31.3,-40 / 343,LTCS NACE,100 BW/5 SKT,100 SKT,100,200HB,,,300K5D,Pipe line class 300K5D. Design code ASME B31.3. Design temperature range -40 / 343 deg C. Material LTCS NACE.
102,300K5E (AG) & (UG),ASME B31.8,-40 / 95,LTCS  - API 5L X60 (SMLS),100 BW/5 SKT,100 SKT,100,235HB,,,300K5EAGUG,Pipe line class 300K5E (AG) & (UG). Design code ASME B31.8. Design temperature range -40 / 95 deg C. Material LTCS  - API 5L X60 (SMLS).
103,300K5F (AG) & (UG),ASME B31.8,-40 / 95,LTCS  - API 5L X60 (SMLS),100 BW/5 SKT,100 SKT,100,235HB,,,300K5FAGUG,Pipe line class 300K5F (AG) & (UG). Design code ASME B31.8. Design temperature range -40 / 95 deg C. Material LTCS  - API 5L X60 (SMLS).
104,300K5G (AG) & (UG),ASME B31.8,-46 / 95,Inconel 825,100 BW/5 SKT,100 SKT,0,,100,,300K5GAGUG,Pipe line class 300K5G (AG) & (UG). Design code ASME B31.8. Design temperature range -46 / 95 deg C. Material Inconel 825. PMI 100.0.
105,300L02,ASME B31.3,-35 / 100,3.5% Ni - Steel,100 BW/5 SKT,100 SKT,0,,100,,300L02,Pipe line class 300L02. Design code ASME B31.3. Design temperature range -35 / 100 deg C. Material 3.5% Ni - Steel. PMI 100.0.
106,300MO6,ASME B31.3,-36 / 130,6% Moly (UNS31254),5 BW/SKT,100 SKT,0,,100,,300MO6,Pipe line class 300MO6. Design code ASME B31.3. Design temperature range -36 / 130 deg C. Material 6% Moly (UNS31254). PMI 100.0.
107,300N02,ASME B31.3,-110 / 100,316/L SS,100 BW/5 SKT,100 SKT,0,,100,,300N02,Pipe line class 300N02. Design code ASME B31.3. Design temperature range -110 / 100 deg C. Material 316/L SS. PMI 100.0.
108,300N03,ASME B31.3,38 / 250,316L SS,100 BW/5 SKT,100 SKT,0,,100,,300N03,Pipe line class 300N03. Design code ASME B31.3. Design temperature range 38 / 250 deg C. Material 316L SS. PMI 100.0.
109,300P01,ASME B31.3,-46 / 200,316/L SS,100 BW/5 SKT,100 SKT,0,,100,,300P01,Pipe line class 300P01. Design code ASME B31.3. Design temperature range -46 / 200 deg C. Material 316/L SS. PMI 100.0.
110,300P09,ASME B31.3,-110 / 100,316/L SS,100 BW/5 SKT,100 SKT,0,,100,,300P09,Pipe line class 300P09. Design code ASME B31.3. Design temperature range -110 / 100 deg C. Material 316/L SS. PMI 100.0.
111,300P21,ASME B31.3,-140 / 350,316/316L SS,5 BW/SKT,100 SKT,0,,100,,300P21,Pipe line class 300P21. Design code ASME B31.3. Design temperature range -140 / 350 deg C. Material 316/316L SS. PMI 100.0.
112,300P22,ASME B31.3,-46 / 350,316/316L SS,5 BW/SKT,100 SKT,0,,100,,300P22,Pipe line class 300P22. Design code ASME B31.3. Design temperature range -46 / 350 deg C. Material 316/316L SS. PMI 100.0.
113,300PF2,ASME B31.3,-46 / 130,Glass Reinforced Epoxy,See Note 3,See Note 3,,,,,300PF2,Pipe line class 300PF2. Design code ASME B31.3. Design temperature range -46 / 130 deg C. Material Glass Reinforced Epoxy.
114,600A80,ASME B31.3,-46 / 230,Inconel 825,100 BW/5 SKT,100 SKT,0,,100,,600A80,Pipe line class 600A80. Design code ASME B31.3. Design temperature range -46 / 230 deg C. Material Inconel 825. PMI 100.0.
115,600C80,ASME B31.3,-46 / 200,Inconel 825,100 BW/5 SKT,100 SKT,0,,100,,600C80,Pipe line class 600C80. Design code ASME B31.3. Design temperature range -46 / 200 deg C. Material Inconel 825. PMI 100.0.
116,600CP2,ASME B31.3,-36 / 60,LTCS Fluoralon Lined,5 BW/SKT,100 SKT,0,,,,600CP2,Pipe line class 600CP2. Design code ASME B31.3. Design temperature range -36 / 60 deg C. Material LTCS Fluoralon Lined.
117,600H01 (A),ASME B31.3,-46 / 400,LTCS,5 BW/SKT,100 SKT,100,200HB,,HT only for welds with PWHT,600H01A,Pipe line class 600H01 (A). Design code ASME B31.3. Design temperature range -46 / 400 deg C. Material LTCS. Comments HT only for welds with PWHT.
118,600H01 (B),ASME B31.3,-46 / 400,LTCS NACE,100 BW/5 SKT,100 SKT,100,200HB,,,600H01B,Pipe line class 600H01 (B). Design code ASME B31.3. Design temperature range -46 / 400 deg C. Material LTCS NACE.
119,600H21,ASME B31.3,-40 / 410,LTCS,5 BW/SKT,100 SKT,100,200HB,,HT only for welds with PWHT,600H21,Pipe line class 600H21. Design code ASME B31.3. Design temperature range -40 / 410 deg C. Material LTCS. Comments HT only for welds with PWHT.
120,600H22,ASME B31.3,-29 / 370,LTCS,5 BW/SKT,100 SKT,100,200HB,,HT only for welds with PWHT,600H22,Pipe line class 600H22. Design code ASME B31.3. Design temperature range -29 / 370 deg C. Material LTCS. Comments HT only for welds with PWHT.
121,600H23,ASME B31.3,-29 / 350,LTCS,5 BW/SKT,100 SKT,100,200HB,,HT only for welds with PWHT,600H23,Pipe line class 600H23. Design code ASME B31.3. Design temperature range -29 / 350 deg C. Material LTCS. Comments HT only for welds with PWHT.
122,600H25,ASME B31.3,-46 / 343,LTCS,5 BW/SKT,100 SKT,100,200HB,,HT only for welds with PWHT,600H25,Pipe line class 600H25. Design code ASME B31.3. Design temperature range -46 / 343 deg C. Material LTCS. Comments HT only for welds with PWHT.
123,600H2G,ASME B31.3,-40 / 38,LTCS Zinc,5 BW/SKT,100 SKT,0,,,,600H2G,Pipe line class 600H2G. Design code ASME B31.3. Design temperature range -40 / 38 deg C. Material LTCS Zinc.
124,600H5G,ASME B31.8,-36 / 100,LTCS - API 5L X60 (SAW),5 BW/SKT,100 SKT,100,235HB,,,600H5G,Pipe line class 600H5G. Design code ASME B31.8. Design temperature range -36 / 100 deg C. Material LTCS - API 5L X60 (SAW).
125,600H5I,ASME B31.8,-46 / 150,LTCS - SMYS≤ 42 ksi (290 Mpa),5 BW/SKT,100 SKT,100,235HB,,,600H5I,Pipe line class 600H5I. Design code ASME B31.8. Design temperature range -46 / 150 deg C. Material LTCS - SMYS≤ 42 ksi (290 Mpa).
126,600H5M,ASME B31.3,-40 / 38,LTCS Galv/Scrd,5 BW/SKT,100 SKT,0,,,,600H5M,Pipe line class 600H5M. Design code ASME B31.3. Design temperature range -40 / 38 deg C. Material LTCS Galv/Scrd.
127,600H5P (AG),ASME B31.8,-40 / 90,LTCS NACE - API X60 (SMLS),100 BW/5 SKT,100 SKT,100,235HB,,,600H5PAG,Pipe line class 600H5P (AG). Design code ASME B31.8. Design temperature range -40 / 90 deg C. Material LTCS NACE - API X60 (SMLS).
128,600H5P (UG),ASME B31.8,-40 / 90,LTCS NACE - API X60 (SMLS),100 BW/5 SKT,100 SKT,100,235HB,,,600H5PUG,Pipe line class 600H5P (UG). Design code ASME B31.8. Design temperature range -40 / 90 deg C. Material LTCS NACE - API X60 (SMLS).
129,600K01,ASME B31.3,-46 / 300,LTCS NACE,100 BW/5 SKT,100 SKT,100,200HB,,,600K01,Pipe line class 600K01. Design code ASME B31.3. Design temperature range -46 / 300 deg C. Material LTCS NACE.
130,600K02,ASME B31.3,-46 / 300,LTCS NACE,100 BW/5 SKT,100 SKT,100,200HB,,,600K02,Pipe line class 600K02. Design code ASME B31.3. Design temperature range -46 / 300 deg C. Material LTCS NACE.
131,600K09,ASME B31.3,-46 / 90,LTCS NACE,100 BW/5 SKT,100 SKT,100,200HB,,,600K09,Pipe line class 600K09. Design code ASME B31.3. Design temperature range -46 / 90 deg C. Material LTCS NACE.
132,600K21,ASME B31.3,-40 / 343,LTCS NACE,100 BW/5 SKT,100 SKT,100,200HB,,,600K21,Pipe line class 600K21. Design code ASME B31.3. Design temperature range -40 / 343 deg C. Material LTCS NACE.
133,600K22,ASME B31.3,-40 / 170,LTCS NACE,100 BW/5 SKT,100 BW/SKT,100,200HB,,,600K22,Pipe line class 600K22. Design code ASME B31.3. Design temperature range -40 / 170 deg C. Material LTCS NACE.
134,600K5B (AG) & (UG),ASME B31.8,-46 / 95,LTCS NACE - API X60 (SMLS),100 BW/5 SKT,100 SKT,100,235HB,,,600K5BAGUG,Pipe line class 600K5B (AG) & (UG). Design code ASME B31.8. Design temperature range -46 / 95 deg C. Material LTCS NACE - API X60 (SMLS).
135,600K5C(AG) & (UG),ASME B31.8,-46 / 95,API 5L X60 (SAW),100 BW/5 SKT,100 SKT,100,235HB,,,600K5CAGUG,Pipe line class 600K5C(AG) & (UG). Design code ASME B31.8. Design temperature range -46 / 95 deg C. Material API 5L X60 (SAW).
136,600K5D (AG) & (UG),ASME B31.8,-40 / 90,LTCS NACE - API X60 (SMLS),100 BW/5 SKT,100 SKT,100,235HB,,,600K5DAGUG,Pipe line class 600K5D (AG) & (UG). Design code ASME B31.8. Design temperature range -40 / 90 deg C. Material LTCS NACE - API X60 (SMLS).
137,600K5E (AG) & (UG),ASME B31.8,-46 / 88,LTCS NACE - API X60 (SMLS),100 BW/5 SKT,100 SKT,100,235HB,,,600K5EAGUG,Pipe line class 600K5E (AG) & (UG). Design code ASME B31.8. Design temperature range -46 / 88 deg C. Material LTCS NACE - API X60 (SMLS).
138,600K5F(AG) & (UG),ASME B31.8,-40 / 100,LTCS NACE - API X60 (SMLS),100 BW/5 SKT,100 SKT,100,235HB,,,600K5FAGUG,Pipe line class 600K5F(AG) & (UG). Design code ASME B31.8. Design temperature range -40 / 100 deg C. Material LTCS NACE - API X60 (SMLS).
139,600K5G(AG) & (UG),ASME B31.8,-46 / 95,Inconel 825,100 BW/5 SKT,100 SKT,0,,100,,600K5GAGUG,Pipe line class 600K5G(AG) & (UG). Design code ASME B31.8. Design temperature range -46 / 95 deg C. Material Inconel 825. PMI 100.0.
140,600K5H(AG) & (UG),ASME B31.8,-46 / 95,LTCS NACE - API X60 (SMLS),100 BW/5 SKT,100 SKT,100,235HB,,,600K5HAGUG,Pipe line class 600K5H(AG) & (UG). Design code ASME B31.8. Design temperature range -46 / 95 deg C. Material LTCS NACE - API X60 (SMLS).
141,600N01,ASME B31.3,-110 / 120,316/L SS,100 BW/SKT,100 SKT,0,,100,,600N01,Pipe line class 600N01. Design code ASME B31.3. Design temperature range -110 / 120 deg C. Material 316/L SS. PMI 100.0.
142,600P09,ASME B31.3,-46 / 175,316/L SS,5 BW/SKT,100 SKT,0,,100,,600P09,Pipe line class 600P09. Design code ASME B31.3. Design temperature range -46 / 175 deg C. Material 316/L SS. PMI 100.0.
143,600P21,ASME B31.3,-140 / 350,316/316L SS,100 BW/5 SKT,100 SKT,0,,100,,600P21,Pipe line class 600P21. Design code ASME B31.3. Design temperature range -140 / 350 deg C. Material 316/316L SS. PMI 100.0.
144,600P22,ASME B31.3,-46 / 350,316/316L SS,100 BW/5 SKT,100 SKT,0,,100,,600P22,Pipe line class 600P22. Design code ASME B31.3. Design temperature range -46 / 350 deg C. Material 316/316L SS. PMI 100.0.
145,600L01,ASME B31.3,-85 / 120,3.5% Ni - Steel,5 BW/SKT,100 SKT,0,,100,,600L01,Pipe line class 600L01. Design code ASME B31.3. Design temperature range -85 / 120 deg C. Material 3.5% Ni - Steel. PMI 100.0.
146,600PL,ASME B31.8,-40 / 100,API 5L X60,100 BW/5 SKT,100 BW/SKT,100,235HB,,,600PL,Pipe line class 600PL. Design code ASME B31.8. Design temperature range -40 / 100 deg C. Material API 5L X60.
147,900A80,ASME B31.3,-46 / 300,Inconel 825,100 BW/5 SKT,100 SKT,0,,100,,900A80,Pipe line class 900A80. Design code ASME B31.3. Design temperature range -46 / 300 deg C. Material Inconel 825. PMI 100.0.
148,900C80,ASME B31.3,-46 / 200,Inconel 825,100 BW/5 SKT,100 SKT,0,,100,,900C80,Pipe line class 900C80. Design code ASME B31.3. Design temperature range -46 / 200 deg C. Material Inconel 825. PMI 100.0.
149,900D01,ASME B31.3,-46 / 100,Super Duplex UNS S32760,5 BW/SKT,100 SKT,0,,100,,900D01,Pipe line class 900D01. Design code ASME B31.3. Design temperature range -46 / 100 deg C. Material Super Duplex UNS S32760. PMI 100.0.
150,900H01,ASME B31.3,-46 / 70,LTCS,100 BW/5 SKT,100 SKT,0,,,,900H01,Pipe line class 900H01. Design code ASME B31.3. Design temperature range -46 / 70 deg C. Material LTCS.
151,900H21,ASME B31.3,-40 / 410,LTCS,100 BW/5 SKT,100 BW/SKT,100,200HB,,HT only for welds with PWHT,900H21,Pipe line class 900H21. Design code ASME B31.3. Design temperature range -40 / 410 deg C. Material LTCS. Comments HT only for welds with PWHT.
152,900H22,ASME B31.3,-29 / 410,LTCS,100 BW/5 SKT,100 BW/SKT,100,200HB,,HT only for welds with PWHT,900H22,Pipe line class 900H22. Design code ASME B31.3. Design temperature range -29 / 410 deg C. Material LTCS. Comments HT only for welds with PWHT.
153,900H25,ASME B31.3,-46 / 410,LTCS,5 BW/SKT,100 SKT,100,200HB,,HT only for welds with PWHT,900H25,Pipe line class 900H25. Design code ASME B31.3. Design temperature range -46 / 410 deg C. Material LTCS. Comments HT only for welds with PWHT.
154,900H2G,ASME B31.3,-46 / 85,LTCS Galv/Scrd,,,,,,,900H2G,Pipe line class 900H2G. Design code ASME B31.3. Design temperature range -46 / 85 deg C. Material LTCS Galv/Scrd.
155,900H5H (AG) & (UG),ASME B31.8,-40 / 80,LTCS - API X60 (SMLS),100 BW/5 SKT,100 BW/SKT,100,235HB,,,900H5HAGUG,Pipe line class 900H5H (AG) & (UG). Design code ASME B31.8. Design temperature range -40 / 80 deg C. Material LTCS - API X60 (SMLS).
156,900H5F,ASME B31.8,-46 / 176,LTCS - SMYS≤ 42 ksi (290 Mpa),100 BW/5 SKT,100 BW/SKT,100,235HB,,,900H5F,Pipe line class 900H5F. Design code ASME B31.8. Design temperature range -46 / 176 deg C. Material LTCS - SMYS≤ 42 ksi (290 Mpa).
157,900K01,ASME B31.3,-46 / 375,LTCS NACE,100 BW/5 SKT,100 BW/SKT,100,200HB,,,900K01,Pipe line class 900K01. Design code ASME B31.3. Design temperature range -46 / 375 deg C. Material LTCS NACE.
158,900K02,ASME B31.3,-46 / 375,LTCS NACE,100 BW/5 SKT,100 BW/SKT,100,200HB,,,900K02,Pipe line class 900K02. Design code ASME B31.3. Design temperature range -46 / 375 deg C. Material LTCS NACE.
159,900K21,ASME B31.3,-40 / 343,LTCS NACE,100 BW/5 SKT,100 BW/SKT,100,200HB,,,900K21,Pipe line class 900K21. Design code ASME B31.3. Design temperature range -40 / 343 deg C. Material LTCS NACE.
160,900K23,ASME B31.3,-46 / 200,LTCS NACE,100 BW/5 SKT,100 SKT,100,200HB,,,900K23,Pipe line class 900K23. Design code ASME B31.3. Design temperature range -46 / 200 deg C. Material LTCS NACE.
161,900K5A (AG) & (UG),ASME B31.8,-46 / 120,LTCS NACE - API X52/60 (SMLS),100 BW/5 SKT,100 BW/SKT,100,235HB,,,900K5AAGUG,Pipe line class 900K5A (AG) & (UG). Design code ASME B31.8. Design temperature range -46 / 120 deg C. Material LTCS NACE - API X52/60 (SMLS).
162,900K5B (AG) & (UG),ASME B31.8,-40 / 90,LTCS NACE - API X60 (SMLS),100 BW/5 SKT,100 SKT,100,235HB,,,900K5BAGUG,Pipe line class 900K5B (AG) & (UG). Design code ASME B31.8. Design temperature range -40 / 90 deg C. Material LTCS NACE - API X60 (SMLS).
163,900K5C (AG) & (UG),ASME B31.8,-40 / 90,LTCS NACE - API X60 (SMLS),100 BW/5 SKT,100 SKT,100,235HB,,,900K5CAGUG,Pipe line class 900K5C (AG) & (UG). Design code ASME B31.8. Design temperature range -40 / 90 deg C. Material LTCS NACE - API X60 (SMLS).
164,900K5D (AG) & (UG),ASME B31.8,-40 / 120,LTCS NACE - API X60 (SMLS),100 BW/5 SKT,100 BW/SKT,100,235HB,,,900K5DAGUG,Pipe line class 900K5D (AG) & (UG). Design code ASME B31.8. Design temperature range -40 / 120 deg C. Material LTCS NACE - API X60 (SMLS).
165,900P21,ASME B31.3,-140 / 350,316/316L SS,100 BW/5 SKT,100 BW/SKT,0,,100,,900P21,Pipe line class 900P21. Design code ASME B31.3. Design temperature range -140 / 350 deg C. Material 316/316L SS. PMI 100.0.
166,900P22,ASME B31.3,-46 / 350,316/316L SS,100 BW/5 SKT,100 SKT,0,,100,,900P22,Pipe line class 900P22. Design code ASME B31.3. Design temperature range -46 / 350 deg C. Material 316/316L SS. PMI 100.0.
167,1500A60,ASME B31.3,-100 / 110,Inconel 625 (NACE),100 BW/5 SKT,100 SKT,0,,100,,1500A60,Pipe line class 1500A60. Design code ASME B31.3. Design temperature range -100 / 110 deg C. Material Inconel 625 (NACE). PMI 100.0.
168,1500F22,ASME B31.3,-40 / 155,"LTCS NACE, 2-1/4Cr F22 modified",100 BW/5 SKT,100 SKT,100,200HB,,,1500F22,"Pipe line class 1500F22. Design code ASME B31.3. Design temperature range -40 / 155 deg C. Material LTCS NACE, 2-1/4Cr F22 modified."
169,1500H1,ASME B31.3,-40 / 343,LTCS,100 BW/5 SKT,100 BW/SKT,100,200HB,,HT only for welds with PWHT,1500H1,Pipe line class 1500H1. Design code ASME B31.3. Design temperature range -40 / 343 deg C. Material LTCS. Comments HT only for welds with PWHT.
170,1500K1,ASME B31.3,-40 / 126,LTCS NACE,100 BW,100 BW,100,200HB,,,1500K1,Pipe line class 1500K1. Design code ASME B31.3. Design temperature range -40 / 126 deg C. Material LTCS NACE.
171,1500P1,ASME B31.3,-60 / 120,316/316L SS,100 BW/5 SKT,100 BW/SKT,0,,100,,1500P1,Pipe line class 1500P1. Design code ASME B31.3. Design temperature range -60 / 120 deg C. Material 316/316L SS. PMI 100.0.
172,2500A60,ASME B31.3,-100 / 110,Inconel 625 (NACE),100 BW/5 SKT,100 SKT,0,,100,,2500A60,Pipe line class 2500A60. Design code ASME B31.3. Design temperature range -100 / 110 deg C. Material Inconel 625 (NACE). PMI 100.0.
173,2500F22,ASME B31.3,-40 / 180,"LTCS NACE, 2-1/4Cr F22 modified",100 BW/5 SKT,100 SKT,100,200HB,,,2500F22,"Pipe line class 2500F22. Design code ASME B31.3. Design temperature range -40 / 180 deg C. Material LTCS NACE, 2-1/4Cr F22 modified."
174,2500H1,ASME B31.3,-46 / 200,LTCS,100 BW/5 SKT,100 BW/SKT,100,200HB,,HT only for welds with PWHT,2500H1,Pipe line class 2500H1. Design code ASME B31.3. Design temperature range -46 / 200 deg C. Material LTCS. Comments HT only for welds with PWHT.
175,2500K1,ASME B31.3,-46 / 200,LTCS,100 BW/5 SKT,100 SKT,100,200HB,,,2500K1,Pipe line class 2500K1. Design code ASME B31.3. Design temperature range -46 / 200 deg C. Material LTCS.
176,2500P1,ASME B31.3,-40 / 120,316/316L SS,100 BW/5 SKT,100 BW/SKT,0,,100,,2500P1,Pipe line class 2500P1. Design code ASME B31.3. Design temperature range -40 / 120 deg C. Material 316/316L SS. PMI 100.0.
177,2500P2,ASME B31.3,-46 / 120,316/316L SS (F321 Flange),100 BW/5 SKT,100 BW/SKT,0,,100,,2500P2,Pipe line class 2500P2. Design code ASME B31.3. Design temperature range -46 / 120 deg C. Material 316/316L SS (F321 Flange). PMI 100.0.
178,10000A,ASME B31.3         API 6A,-140 / 135,Inconel 825,100 BW/5 SKT,100 BW/SKT,0,,100,,10000A,Pipe line class 10000A. Design code ASME B31.3         API 6A. Design temperature range -140 / 135 deg C. Material Inconel 825. PMI 100.0.
179,10000A60,ASME B31.3        (Ch.IX) API 6A,-100 / 110,Inconel 625 (NACE),100 BW/5 SKT,100 BW/SKT,0,,100,,10000A60,Pipe line class 10000A60. Design code ASME B31.3        (Ch.IX) API 6A. Design temperature range -100 / 110 deg C. Material Inconel 625 (NACE). PMI 100.0.
180,10000F22,ASME B31.3       (Ch.IX) API 6A,-40 / 130,"LTCS NACE, 2-1/4Cr F22 modified",100 BW/5 SKT,100 BW/SKT,100,200HB,,,10000F22,"Pipe line class 10000F22. Design code ASME B31.3       (Ch.IX) API 6A. Design temperature range -40 / 130 deg C. Material LTCS NACE, 2-1/4Cr F22 modified."
181,10000H5A,ASME B31.8       API 6A,-40 / 110,API 5L X60,100 BW/5 SKT,100 BW/SKT,100,235HB,,,10000H5A,Pipe line class 10000H5A. Design code ASME B31.8       API 6A. Design temperature range -40 / 110 deg C. Material API 5L X60.
182,10000K5A,ASME B31.8    API 6A,-40 / 90,API 5L X60,100 BW/5 SKT,100 BW/SKT,100,235HB,,,10000K5A,Pipe line class 10000K5A. Design code ASME B31.8    API 6A. Design temperature range -40 / 90 deg C. Material API 5L X60.
183,10000K,ASME B31.8    API 6A,-40 / 125,API 5L X60 (SMLS),100 BW/5 SKT,100 BW/SKT,100,235HB,,,10000K,Pipe line class 10000K. Design code ASME B31.8    API 6A. Design temperature range -40 / 125 deg C. Material API 5L X60 (SMLS).
184,10000P,ASME B31.8,-36 / 110,API 5L X60,100 BW/5 SKT,100 BW/SKT,100,235HB,,,10000P,Pipe line class 10000P. Design code ASME B31.8. Design temperature range -36 / 110 deg C. Material API 5L X60.
185,10000X1,ASME B31.8         API 6A,-40 / 110,API 5L X60 (SMLS),100 BW/5 SKT,100 BW/SKT,100,235HB,,,10000X1,Pipe line class 10000X1. Design code ASME B31.8         API 6A. Design temperature range -40 / 110 deg C. Material API 5L X60 (SMLS).
186,10000X22,ASME B31.8      API 6A,-40 / 110,2-1/4Cr F22 Modified,100 BW/5 SKT,100 BW/SKT,100,235HB,,,10000X22,Pipe line class 10000X22. Design code ASME B31.8      API 6A. Design temperature range -40 / 110 deg C. Material 2-1/4Cr F22 Modified.
187,A1 (AG) & (UG),ASME B31.4,-36 / 90,LTCS NACE - API 5L X46 (SMLS),100 BW,0,100,235HB,,,A1AGUG,Pipe line class A1 (AG) & (UG). Design code ASME B31.4. Design temperature range -36 / 90 deg C. Material LTCS NACE - API 5L X46 (SMLS).
188,A2 (AG) & (UG),ASME B31.4,-36 / 90,LTCS NACE - API 5L X46 (SMLS),100 BW,0,100,235HB,,,A2AGUG,Pipe line class A2 (AG) & (UG). Design code ASME B31.4. Design temperature range -36 / 90 deg C. Material LTCS NACE - API 5L X46 (SMLS).
189,A3,ASME B31.3,-36 / 210,LTCS,5 BW,0,0,,,,A3,Pipe line class A3. Design code ASME B31.3. Design temperature range -36 / 210 deg C. Material LTCS.
190,A4,ASME B31.3,4 / 44,LTCS,5 BW,0,0,,,,A4,Pipe line class A4. Design code ASME B31.3. Design temperature range 4 / 44 deg C. Material LTCS.
191,A5,ASME B31.3,-36 / 75,LTCS,5 BW,0,0,,,,A5,Pipe line class A5. Design code ASME B31.3. Design temperature range -36 / 75 deg C. Material LTCS.
192,A6,ASME B31.4,0 / 50,CS,5 BW,0,100,235HB,,,A6,Pipe line class A6. Design code ASME B31.4. Design temperature range 0 / 50 deg C. Material CS.
193,A7,ASME B31.4       B31.8,-36 / 50,LTCS - API 5L X46 (SMLS),5 BW,0,100,235HB,,,A7,Pipe line class A7. Design code ASME B31.4       B31.8. Design temperature range -36 / 50 deg C. Material LTCS - API 5L X46 (SMLS).
194,D1 (AG) & (UG),ASME B31.4,-36 / 90,LTCS NACE - API 5L X46 (SMLS),100 BW,0,100,235HB,,,D1AGUG,Pipe line class D1 (AG) & (UG). Design code ASME B31.4. Design temperature range -36 / 90 deg C. Material LTCS NACE - API 5L X46 (SMLS).
195,D2,ASME B31.8,-36 / 90,CrNi SS (ASTM A358),100 BW,0,0,,100,,D2,Pipe line class D2. Design code ASME B31.8. Design temperature range -36 / 90 deg C. Material CrNi SS (ASTM A358). PMI 100.0.
196,D3,ASME B31.2,-36 / 100,LTCS / API 5L Gr B,5 BW,0,0,,,,D3,Pipe line class D3. Design code ASME B31.2. Design temperature range -36 / 100 deg C. Material LTCS / API 5L Gr B.
197,D4,ASME B31.4,-36 / 44,316/L SS,5 BW,0,0,,100,,D4,Pipe line class D4. Design code ASME B31.4. Design temperature range -36 / 44 deg C. Material 316/L SS. PMI 100.0.
198,D5,ASME B31.4,0 / 50,LTCS / API 5L Gr B,5 BW,0,100,235HB,,,D5,Pipe line class D5. Design code ASME B31.4. Design temperature range 0 / 50 deg C. Material LTCS / API 5L Gr B.
199,E1 (AG) & (UG),ASME B31.4,-36 / 90,LTCS - API 5L X60 (SMLS),100 BW,0,100,235HB,,,E1AGUG,Pipe line class E1 (AG) & (UG). Design code ASME B31.4. Design temperature range -36 / 90 deg C. Material LTCS - API 5L X60 (SMLS).
200,X2,ASME B31.4,-36 / 90,LTCS - API 5L X60 (SMLS),100 BW,100,100,235HB,,,X2,Pipe line class X2. Design code ASME B31.4. Design temperature range -36 / 90 deg C. Material LTCS - API 5L X60 (SMLS).
201,GOST,,-46 / 300,LTCS,5 BW,0,0,,,,GOST,Pipe line class GOST. Design temperature range -46 / 300 deg C. Material LTCS.
202,C14A,,-36 / 200,API 5L Gr B,5 BW/SKT,100 SKT,0,,,,C14A,Pipe line class C14A. Design temperature range -36 / 200 deg C. Material API 5L Gr B.
203,D10A,,-36 / 40,LTCS GALV,5 BW/SKT,100 SKT,0,,,,D10A,Pipe line class D10A. Design temperature range -36 / 40 deg C. Material LTCS GALV.
204,D14A,ASME B31.3,-36 / 200,LTCS,5 BW/SKT,100 SKT,0,,,,D14A,Pipe line class D14A. Design code ASME B31.3. Design temperature range -36 / 200 deg C. Material LTCS.
205,D14B,ASME B31.3,-36 / 300,LTCS,5 BW/SKT,100 SKT,0,,,,D14B,Pipe line class D14B. Design code ASME B31.3. Design temperature range -36 / 300 deg C. Material LTCS.
206,D14C,ASME B31.3,-36 / 300,LTCS,5 BW/SKT,100 SKT,0,,,,D14C,Pipe line class D14C. Design code ASME B31.3. Design temperature range -36 / 300 deg C. Material LTCS.
207,D14D,ASME B31.3,-36 / 200,LTCS,5 BW/SKT,100 SKT,0,,,,D14D,Pipe line class D14D. Design code ASME B31.3. Design temperature range -36 / 200 deg C. Material LTCS.
208,D14E,ASME B31.3,-36 / 100,LTCS,100 BW,100 BW,100,200HB,,,D14E,Pipe line class D14E. Design code ASME B31.3. Design temperature range -36 / 100 deg C. Material LTCS.
209,D14G,ASME B31.3,-36 / 300,LTCS NACE,100 BW/5 SKT,100 BW/SKT,100,200HB,,,D14G,Pipe line class D14G. Design code ASME B31.3. Design temperature range -36 / 300 deg C. Material LTCS NACE.
210,D14H,ASME B31.3,-36 / 100,LTCS,5 BW/SKT,100 SKT,0,,,,D14H,Pipe line class D14H. Design code ASME B31.3. Design temperature range -36 / 100 deg C. Material LTCS.
211,D34A,ASME B31.3,-36 / 100,LTCS,5 BW/SKT,5 BW/100 SKT,0,,,,D34A,Pipe line class D34A. Design code ASME B31.3. Design temperature range -36 / 100 deg C. Material LTCS.
212,D34B,ASME B31.3,-36 / 350,LTCS,5 BW/SKT,5 BW/100 SKT,0,,,,D34B,Pipe line class D34B. Design code ASME B31.3. Design temperature range -36 / 350 deg C. Material LTCS.
213,D34C,ASME B31.3,-36 / 200,LTCS,5 BW/SKT,100 SKT,0,,,,D34C,Pipe line class D34C. Design code ASME B31.3. Design temperature range -36 / 200 deg C. Material LTCS.
214,D34D,ASME B31.3,-36 / 90,LTCS,100 BW,0,100,200HB,,,D34D,Pipe line class D34D. Design code ASME B31.3. Design temperature range -36 / 90 deg C. Material LTCS.
215,D34E,ASME B31.3,-36 / 100,LTCS,100 BW/5 SKT,100 SKT,100,200HB,,,D34E,Pipe line class D34E. Design code ASME B31.3. Design temperature range -36 / 100 deg C. Material LTCS.
216,D64A,ASME B31.3,-36 / 400,LTCS,100 BW/5 SKT,100 SKT,100,200HB,,,D64A,Pipe line class D64A. Design code ASME B31.3. Design temperature range -36 / 400 deg C. Material LTCS.
217,DA4A,ASME B31.3,-36 / 200,LTCS,100 BW/5 SKT,100 SKT,100,200HB,,,DA4A,Pipe line class DA4A. Design code ASME B31.3. Design temperature range -36 / 200 deg C. Material LTCS.
218,F10A,,-36 / 100,Glass Reinforced Epoxy,See Note 3,See Note 3,See Note 3,,,,F10A,Pipe line class F10A. Design temperature range -36 / 100 deg C. Material Glass Reinforced Epoxy.
219,F10B,,-36 / 100,Glass Reinforced Epoxy,See Note 3,See Note 3,See Note 3,,,,F10B,Pipe line class F10B. Design temperature range -36 / 100 deg C. Material Glass Reinforced Epoxy.
220,F10C,,-36 / 100,Glass Reinforced Epoxy,See Note 3,See Note 3,See Note 3,,,,F10C,Pipe line class F10C. Design temperature range -36 / 100 deg C. Material Glass Reinforced Epoxy.
221,N30A,ASME B31.3,-36 / 100,UNS N08825,100 BW,0,0,,100,,N30A,Pipe line class N30A. Design code ASME B31.3. Design temperature range -36 / 100 deg C. Material UNS N08825. PMI 100.0.
222,S10A,ASME B31.3,-36 / 100,316L SS,5 BW/SKT,100 SKT,0,,100,,S10A,Pipe line class S10A. Design code ASME B31.3. Design temperature range -36 / 100 deg C. Material 316L SS. PMI 100.0.
223,0911,ASME B31.1,max 390,ASTM A105 CS,100 BW/5 SKT,100 SKT,100,200HB,,SGP PFD,0911,Pipe line class 0911. Design code ASME B31.1. Design temperature range max 390 deg C. Material ASTM A105 CS. Comments SGP PFD.
224,59A,ASME B31.3,-28 / 300,316L SS,100 BW/5 SKT,100 SKT,0,,100,SGP Nuovo Pignone,59A,Pipe line class 59A. Design code ASME B31.3. Design temperature range -28 / 300 deg C. Material 316L SS. PMI 100.0. Comments SGP Nuovo Pignone.
225,71F,ASME B31.3,-28 / 300,316L SS,100 BW/5 SKT,100 SKT,0,,100,SGP Nuovo Pignone,71F,Pipe line class 71F. Design code ASME B31.3. Design temperature range -28 / 300 deg C. Material 316L SS. PMI 100.0. Comments SGP Nuovo Pignone.
